"","Pair","Family_first","Genus_first","Sister_first","Blen_first","Length_first","Depth_first","Lat_first","N_spp_first","Age_first","Family_last","Genus_last","Sister_last","Blen_last","Length_last","Depth_last","Lat_last","N_spp_last","Age_last","swap","N_spp_diff","Blen_diff","Length_diff","Depth_diff","Lat_diff","Blen_std","N_spp_std","Length_std","Depth_std","Lat_std","rate.std","time.std","N_spp_ata_first","N_spp_ata_last","swap_ata","N_spp_ata_diff","Blen_ata_diff","N_spp_ata_std","Blen_ata_std"
"1",1,"Fundulidae,Goodeidae,Cyprinodontidae,Profundulidae,Valenciidae","Adinia,Allodontichthys,Alloophorus,Allotoca,Ameca,Aphanius,Ataeniobius,Chapalichthys,Characodon,Crenichthys,Cualac,Cyprinodon,Empetrichthys,Floridichthys,Fundulus,Garmanella,Girardinichthys,Goodea,Hubbsina,Ilyodon,Jordanella,Lucania,Megupsilon,Profundulus,Skiffia,Valencia,Xenoophorus,Xenotaenia,Xenotoca,Zoogoneticus","1_1",-1.60408476612285,1.80906100847177,0.231049060186648,3.23797226798201,5.31320597904179,72.362302,"Fundulidae,Goodeidae,Cyprinodontidae,Profundulidae,Valenciidae","Adinia,Allodontichthys,Alloophorus,Allotoca,Ameca,Aphanius,Ataeniobius,Chapalichthys,Characodon,Crenichthys,Cualac,Cyprinodon,Empetrichthys,Floridichthys,Fundulus,Garmanella,Girardinichthys,Goodea,Hubbsina,Ilyodon,Jordanella,Lucania,Megupsilon,Profundulus,Skiffia,Valencia,Xenoophorus,Xenotaenia,Xenotoca,Zoogoneticus","1_2",-1.44657316773729,1.80906100847177,0.231049060186648,3.23797226798201,5.31320597904179,72.362302,-1,0,0.157511598385556,0,0,0,0.0185163913646036,0,0,0,0,0.0185163913646036,8.5066034349792,4.17438726989564,3.8286413964891,1,0.345745873406542,-0.157511598385556,0.0406444094930807,-0.0185163913646036
"2",2,"Rivulidae","Anablepsoides,Aphyolebias,Atlantirivulus,Austrofundulus,Austrolebias,Campellolebias,Cynodonichthys,Cynopoecilus,Gnatholebias,Hypsolebias,Kryptolebias,Laimosemion,Leptolebias,Llanolebias,Maratecoara,Melanorivulus,Micromoema,Moema,Nematolebias,Neofundulus,Notholebias,Ophthalmolebias,Papiliolebias,Pituna,Plesiolebias,Pterolebias,Rachovia,Renova,Rivulus,Simpsonichthys,Terranatos,Trigonectes","2_1",-0.86933319832782,1.76559098249954,NA,NA,5.86929691313377,86.72303,"Nothobranchiidae,Aplocheilidae","Aphyosemion,Aplocheilus,Archiaphyosemion,Callopanchax,Epiplatys,Episemion,Fenerbahce,Fundulopanchax,Nimbapanchax,Nothobranchius,Pachypanchax,Pronothobranchius,Scriptaphyosemion","2_2",-1.13911714598169,1.75147235890761,NA,NA,5.6021188208797,86.72303,1,0.267178092254073,0.269783947653865,0.0141186235919386,NA,NA,0.0289700259124485,0.0286902031167908,0.00151609054157418,NA,NA,0.0289700259124485,9.31252006709247,5.92157841964382,5.605802066296,1,0.315776353347818,0.269783947653865,0.0339087970895948,0.0289700259124485
"3",3,"Hemiramphidae,Exocoetidae","Arrhamphus,Cheilopogon,Chriodorus,Cypselurus,Euleptorhamphus,Exocoetus,Fodiator,Hemiramphus,Hirundichthys,Hyporhamphus,Oxyporhamphus,Parexocoetus,Prognichthys","3_1",-2.1500185243515,3.28503890075271,2.45007775147142,1.27233923081747,4.83628190695148,76.977093,"Belonidae,Zenarchopteridae","Ablennes,Belone,Belonion,Cololabis,Dermogenys,Hemirhamphodon,Nomorhamphus,Petalichthys,Platybelone,Potamorrhaphis,Pseudotylosurus,Scomberesox,Strongylura,Tylosurus,Xenentodon,Zenarchopterus","3_2",-1.77973406510661,3.39538546521756,1.55105659041549,2.05021159323491,4.71849887129509,76.977093,1,0.117783035656384,-0.370284459244891,-0.110346564464854,0.899021161055928,-0.777872362417442,-0.0422041086206891,0.0134246196576912,-0.0125770290281467,0.102468212711052,-0.0886599716970183,0.0422041086206891,8.77365904283954,4.87519732320115,4.72738781871234,1,0.14780950448881,-0.370284459244891,0.0168469624551278,-0.0422041086206891
"4",4,"Atherinidae,Bedotiidae,Melanotaeniidae,Isonidae,Telmatherinidae,Pseudomugilidae","Alepidomus,Atherina,Atherinomorus,Bedotia,Cairnsichthys,Chilatherina,Glossolepis,Hypoatherina,Iriatherina,Iso,Marosatherina,Melanotaenia,Paratherina,Pseudomugil,Rhadinocentrus,Rheocles,Telmatherina,Teramulus,Tominanga","4_1",-1.71280042542925,2.00666747758038,1.83851917595458,1.66761703868394,5.10594547390058,57.873204,"Atherinidae,Bedotiidae,Melanotaeniidae,Isonidae,Telmatherinidae,Pseudomugilidae","Alepidomus,Atherina,Atherinomorus,Bedotia,Cairnsichthys,Chilatherina,Glossolepis,Hypoatherina,Iriatherina,Iso,Marosatherina,Melanotaenia,Paratherina,Pseudomugil,Rhadinocentrus,Rheocles,Telmatherina,Teramulus,Tominanga","4_2",-1.647030751294,2.00666747758038,1.83851917595458,1.66761703868394,5.10594547390058,57.873204,-1,0,0.0657696741352507,0,0,0,0.0086454365298462,0,0,0,0,0.0086454365298462,7.60744398599162,4.9988325819771,3.26728496407589,1,1.73154761790122,-0.0657696741352507,0.227612273069601,-0.0086454365298462
"5",5,"Chaenopsidae,Labrisomidae,Clinidae,Dactyloscopidae","Acanthemblemaria,Alloclinus,Auchenionchus,Blennioclinus,Blennophis,Calliclinus,Cancelloxus,Chaenopsis,Cirriemblemaria,Clinitrachus,Clinus,Coralliozetus,Cristiceps,Dactyloscopus,Dialommus,Ekemblemaria,Emblemaria,Emblemariopsis,Exerpes,Gibbonsia,Gillellus,Hemiemblemaria,Heteroclinus,Heterostichus,Labrisomus,Lucayablennius,Malacoctenus,Mccoskerichthys,Muraenoclinus,Myxodes,Neoclinus,Ophiclinus,Paraclinus,Pavoclinus,Platygillellus,Protemblemaria,Starksia,Stathmonotus,Sticharium,Xenomedea","5_1",-0.574747446212407,2.14869952616741,2.93753736153726,3.01229709816174,5.75890177387728,54.25418,"Blenniidae","Aidablennius,Alticus,Andamia,Atrosalarias,Blenniella,Blennius,Chasmodes,Cirripectes,Coryphoblennius,Ecsenius,Entomacrodus,Hypleurochilus,Hypsoblennius,Istiblennius,Lipophrys,Meiacanthus,Microlipophrys,Nannosalarias,Omobranchus,Ophioblennius,Parablennius,Petroscirtes,Plagiotremus,Praealticus,Rhabdoblennius,Salaria,Salarias,Scartella,Xiphasia","5_2",-0.700340994100216,2.34194231399248,2.43641580058837,2.15929293698611,5.82008293035236,54.25418,-1,0.0611811564750813,-0.125593547887809,0.193242787825071,-0.501121560948891,-0.853004161175633,-0.0170510342603839,0.00830617505987165,0.0262353397223935,-0.0680340753809215,-0.115806929743303,0.0170510342603839,7.36574368275193,5.8636311755981,5.98393628068719,-1,0.120305105089094,-0.125593547887809,0.0163330561407951,-0.0170510342603839
"6",6,"Achiridae,Soleidae,Cynoglossidae,Samaridae","Achirus,Aseraggodes,Austroglossus,Bathysolea,Buglossidium,Catathyridium,Cynoglossus,Dicologlossa,Gymnachirus,Heteromycteris,Hypoclinemus,Microchirus,Monochirus,Paraplagusia,Pardachirus,Pegusa,Plagiopsetta,Pseudaesopia,Samaris,Samariscus,Solea,Soleichthys,Synaptura,Synapturichthys,Trinectes,Zebrias","6_1",-1.21275038145699,3.09369676365449,4.69487591380917,2.32911788151643,5.52942908751142,69.726457,"Rhombosoleidae,Bothidae,Paralichthyidae,Poecilopsettidae,Cynoglossidae","Achiropsetta,Arnoglossus,Asterorhombus,Bothus,Chascanopsetta,Crossorhombus,Cyclopsetta,Japonolaeops,Laeops,Lophonectes,Mancopsetta,Neoachiropsetta,Poecilopsetta,Psettina,Syacium,Symphurus,Trichopsetta","6_2",-1.1040045508175,3.09526738215333,5.64418658122394,2.36638660812911,5.30330490805908,69.726457,1,0.226124179452348,-0.108745830639489,-0.00157061849884066,-0.949310667414776,-0.0372687266126799,-0.0130230832232801,0.0270799716226958,-0.000188092686424316,-0.113686674273292,-0.00446319390314498,0.0130230832232801,8.350236942746,5.65934283322403,5.62307843724124,1,0.0362643959827889,-0.108745830639489,0.00434291819878146,-0.0130230832232801
"7",7,"Paralichthyidae,Pleuronectidae","Ancylopsetta,Atheresthes,Citharichthys,Cleisthenes,Clidoderma,Dexistes,Embassichthys,Eopsetta,Etropus,Gastropsetta,Glyptocephalus,Hippoglossina,Hippoglossoides,Hippoglossus,Hypsopsetta,Isopsetta,Kareius,Lepidopsetta,Limanda,Liopsetta,Lyopsetta,Microstomus,Paralichthys,Parophrys,Platichthys,Pleuronectes,Pleuronichthys,Psettichthys,Pseudopleuronectes,Pseudorhombus,Reinhardtius,Tanakius,Tarphops,Verasper,Xystreurys","7_1",-1.75760589931164,3.83617247369076,5.83156299323281,3.61597112769136,5.06259503302697,65.896262,"Scophthalmidae","Lepidorhombus,Phrynorhombus,Scophthalmus,Zeugopterus","7_2",-1.45632312610215,3.43331231365574,5.42718888119475,3.90357560211655,2.19722457733622,65.896262,1,2.86537045569075,-0.30128277320949,0.40286016003503,0.40437411203806,-0.287604474425186,-0.0371145253117755,0.352980235718297,0.049627675181845,0.0498141764190007,-0.0354295183628416,0.0371145253117755,8.11765126129474,5.28289911381966,2.19722457733622,1,3.08567453648344,-0.30128277320949,0.380119130172055,-0.0371145253117755
"8",8,"Rhombosoleidae,Achiridae,Paralichthyidae,Bothidae,Soleidae,Pleuronectidae,Citharidae,Centropomidae,Cynoglossidae,Lactariidae,Scophthalmidae,Samaridae,Poecilopsettidae,Psettodidae,Sphyraenidae","Achiropsetta,Achirus,Ancylopsetta,Arnoglossus,Aseraggodes,Asterorhombus,Atheresthes,Austroglossus,Bathysolea,Bothus,Brachypleura,Buglossidium,Catathyridium,Centropomus,Chascanopsetta,Citharichthys,Citharoides,Citharus,Cleisthenes,Clidoderma,Crossorhombus,Cyclopsetta,Cynoglossus,Dexistes,Dicologlossa,Embassichthys,Eopsetta,Etropus,Gastropsetta,Glyptocephalus,Gymnachirus,Heteromycteris,Hippoglossina,Hippoglossoides,Hippoglossus,Hypoclinemus,Hypsopsetta,Isopsetta,Japonolaeops,Kareius,Lactarius,Laeops,Lepidoblepharon,Lepidopsetta,Lepidorhombus,Limanda,Liopsetta,Lophonectes,Lyopsetta,Mancopsetta,Microchirus,Microstomus,Monochirus,Neoachiropsetta,Paralichthys,Paraplagusia,Pardachirus,Parophrys,Pegusa,Phrynorhombus,Plagiopsetta,Platichthys,Pleuronectes,Pleuronichthys,Poecilopsetta,Psettichthys,Psettina,Psettodes,Pseudaesopia,Pseudopleuronectes,Pseudorhombus,Reinhardtius,Samaris,Samariscus,Scophthalmus,Solea,Soleichthys,Sphyraena,Syacium,Symphurus,Synaptura,Synapturichthys,Tanakius,Tarphops,Trichopsetta,Trinectes,Verasper,Xystreurys,Zebrias,Zeugopterus","8_1",-1.31614908723706,3.45921616571398,5.36291707045986,2.80679965098211,6.50727771238501,82.733739,"Carangidae,Coryphaenidae,Echeneidae,Polynemidae,Istiophoridae,Centropomidae,Leptobramidae,Menidae,Rachycentridae,Toxotidae,Xiphiidae","Alectis,Alepes,Atropus,Atule,Carangoides,Caranx,Chloroscombrus,Coryphaena,Decapterus,Echeneis,Elagatis,Eleutheronema,Filimanus,Gnathanodon,Hemicaranx,Istiompax,Istiophorus,Kajikia,Lates,Leptobrama,Leptomelanosoma,Lichia,Makaira,Megalaspis,Mene,Naucrates,Oligoplites,Parastromateus,Parona,Pentanemus,Phtheirichthys,Polydactylus,Polynemus,Psammoperca,Pseudocaranx,Rachycentron,Remora,Scomberoides,Selar,Selaroides,Selene,Seriola,Seriolina,Tetrapturus,Toxotes,Trachinotus,Trachurus,Uraspis,Xiphias","8_2",-1.56666821591743,4.36176339239146,4.64217143308449,0.985992685530058,5.43372200355424,82.733739,1,1.07355570883077,0.250519128680369,-0.902547226677481,0.720745637375365,1.82080696545205,0.0275422595461506,0.118027514009096,-0.0992267141465495,0.0792393120474062,0.200180873572746,0.0275422595461506,9.0958088700236,6.70960917184121,5.46700473206619,1,1.24260443977502,0.250519128680369,0.136612857364471,0.0275422595461506
"9",9,"Coryphaenidae","Coryphaena","9_1",-0.0304973525421189,5.16432862195931,5.21705790179915,0.108798915031093,0.693147180559945,39.083682,"Rachycentridae","Rachycentron","9_2",-0.375330743379151,5.29831736654804,7.09007683577609,1.08627124312857,0,39.083682,1,0.693147180559945,0.344833390837032,-0.133988744588723,-1.87301893397694,-0.977472328097477,0.0551583894886783,0.110873491878208,-0.0214323889666955,-0.299601809526603,-0.156353186264048,0.0551583894886783,6.25169433033958,0.783901543828409,0.285178942233662,1,0.498722601594747,0.344833390837032,0.0797739900964828,0.0551583894886783
"10",10,"Istiophoridae","Istiompax,Istiophorus,Kajikia,Makaira,Tetrapturus","10_1",-1.45562729041995,5.8997227281948,5.84530198425614,0.623916910573243,2.39789527279837,39.574461,"Xiphiidae","Xiphias","10_2",-2.08652255297039,6.12029741895095,7.96485088744731,0.948133742165563,0,39.574461,1,2.39789527279837,0.630895262550441,-0.220574690756149,-2.11954890319118,-0.32421683159232,0.100288182784929,0.381173506431734,-0.0350629275846137,-0.336927094626643,-0.0515380583731703,0.100288182784929,6.29082355498865,2.39789527279837,0,1,2.39789527279837,0.630895262550441,0.381173506431734,0.100288182784929
"11",11,"Anabantidae,Osphronemidae,Helostomatidae","Anabas,Belontia,Betta,Ctenopoma,Ctenops,Helostoma,Luciocephalus,Macropodus,Malpulutta,Microctenopoma,Osphronemus,Parasphaerichthys,Parosphromenus,Pseudosphromenus,Sandelia,Sphaerichthys,Trichogaster,Trichopodus,Trichopsis","11_1",-1.10464343955002,2.23938044666675,0,NA,5.11198778835654,78.145759,"Channidae","Channa","11_2",-2.03057518993656,3.5023379490369,2.30258509299405,NA,3.55534806148941,78.145759,1,1.55663972686713,0.925931750386539,-1.26295750237015,-2.30258509299405,NA,0.104743304118576,0.176090287698024,-0.142868350398794,-0.260473161821798,NA,0.104743304118576,8.8400089932081,5.11198778835654,3.63758615972639,1,1.47440162863016,0.925931750386539,0.166787344872948,0.104743304118576
"12",12,"Gobiidae,Eleotridae,Thalasseleotrididae,Kraemeriidae,Schindleriidae","Acanthogobius,Acentrogobius,Afurcagobius,Akihito,Amblychaeturichthys,Amblyeleotris,Amblygobius,Aphia,Arenigobius,Aruma,Asterropteryx,Astrabe,Awaous,Babka,Barbulifer,Bathygobius,Benthophilus,Boleophthalmus,Bollmannia,Bostrychus,Brachygobius,Bryaninops,Buenia,Butis,Cabillus,Caffrogobius,Callogobius,Calumia,Caragobius,Caspiosoma,Cerdale,Chaenogobius,Chaeturichthys,Chromogobius,Clariger,Clevelandia,Coryphopterus,Cotylopus,Croilia,Cryptocentrus,Crystallogobius,Ctenogobiops,Ctenogobius,Deltentosteus,Dormitator,Drombus,Economidichthys,Elacatinus,Eleotris,Erotelis,Eucyclogobius,Eutaeniichthys,Eviota,Evorthodus,Exyrias,Favonigobius,Fusigobius,Gillichthys,Ginsburgellus,Giuris,Glossogobius,Gnatholepis,Gobiodon,Gobiomorphus,Gobiomorus,Gobionellus,Gobiopterus,Gobiosoma,Gobius,Gobiusculus,Grahamichthys,Guavina,Gunnellichthys,Gymnogobius,Hemieleotris,Hypseleotris,Istigobius,Knipowitschia,Kraemeria,Kribia,Lentipes,Lepidogobius,Leptophilypnus,Lesueurigobius,Lethops,Lophogobius,Luciogobius,Lythrypnus,Mahidolia,Mesogobius,Microdesmus,Microgobius,Microphilypnus,Millerigobius,Mogurnda,Mugilogobius,Myersina,Nemateleotris,Neogobius,Nes,Odontamblyopus,Oligolepis,Ophiocara,Ophiogobius,Oplopomus,Oxyeleotris,Oxyurichthys,Padogobius,Pandaka,Paragobiodon,Paratrypauchen,Parioglossus,Periophthalmus,Philypnodon,Pleurosicya,Pomatoschistus,Ponticola,Priolepis,Proterorhinus,Psammogobius,Pseudaphya,Pseudapocryptes,Pseudogobiopsis,Pseudogobius,Psilotris,Ptereleotris,Pterogobius,Quietula,Ratsirakia,Redigobius,Rhinogobiops,Rhinogobius,Risor,Sagamia,Scartelaos,Schindleria,Sicydium,Sicyopterus,Sicyopus,Signigobius,Smilosicyopus,Stenogobius,Stiphodon,Stonogobiops,Synechogobius,Taenioides,Tateurndina,Thalasseleotris,Thorogobius,Tigrigobius,Tomiyamichthys,Tridentiger,Trimma,Trimmatom,Typhlogobius,Valenciennea,Vanderhorstia,Yongeichthys,Zebrus,Zosterisessor","12_1",-1.202695287365,2.08704153740955,2.85114122305128,2.02375089795395,7.37713371283395,76.217667,"Gobiidae,Eleotridae,Thalasseleotrididae,Kraemeriidae,Schindleriidae","Acanthogobius,Acentrogobius,Afurcagobius,Akihito,Amblychaeturichthys,Amblyeleotris,Amblygobius,Aphia,Arenigobius,Aruma,Asterropteryx,Astrabe,Awaous,Babka,Barbulifer,Bathygobius,Benthophilus,Boleophthalmus,Bollmannia,Bostrychus,Brachygobius,Bryaninops,Buenia,Butis,Cabillus,Caffrogobius,Callogobius,Calumia,Caragobius,Caspiosoma,Cerdale,Chaenogobius,Chaeturichthys,Chromogobius,Clariger,Clevelandia,Coryphopterus,Cotylopus,Croilia,Cryptocentrus,Crystallogobius,Ctenogobiops,Ctenogobius,Deltentosteus,Dormitator,Drombus,Economidichthys,Elacatinus,Eleotris,Erotelis,Eucyclogobius,Eutaeniichthys,Eviota,Evorthodus,Exyrias,Favonigobius,Fusigobius,Gillichthys,Ginsburgellus,Giuris,Glossogobius,Gnatholepis,Gobiodon,Gobiomorphus,Gobiomorus,Gobionellus,Gobiopterus,Gobiosoma,Gobius,Gobiusculus,Grahamichthys,Guavina,Gunnellichthys,Gymnogobius,Hemieleotris,Hypseleotris,Istigobius,Knipowitschia,Kraemeria,Kribia,Lentipes,Lepidogobius,Leptophilypnus,Lesueurigobius,Lethops,Lophogobius,Luciogobius,Lythrypnus,Mahidolia,Mesogobius,Microdesmus,Microgobius,Microphilypnus,Millerigobius,Mogurnda,Mugilogobius,Myersina,Nemateleotris,Neogobius,Nes,Odontamblyopus,Oligolepis,Ophiocara,Ophiogobius,Oplopomus,Oxyeleotris,Oxyurichthys,Padogobius,Pandaka,Paragobiodon,Paratrypauchen,Parioglossus,Periophthalmus,Philypnodon,Pleurosicya,Pomatoschistus,Ponticola,Priolepis,Proterorhinus,Psammogobius,Pseudaphya,Pseudapocryptes,Pseudogobiopsis,Pseudogobius,Psilotris,Ptereleotris,Pterogobius,Quietula,Ratsirakia,Redigobius,Rhinogobiops,Rhinogobius,Risor,Sagamia,Scartelaos,Schindleria,Sicydium,Sicyopterus,Sicyopus,Signigobius,Smilosicyopus,Stenogobius,Stiphodon,Stonogobiops,Synechogobius,Taenioides,Tateurndina,Thalasseleotris,Thorogobius,Tigrigobius,Tomiyamichthys,Tridentiger,Trimma,Trimmatom,Typhlogobius,Valenciennea,Vanderhorstia,Yongeichthys,Zebrus,Zosterisessor","12_2",-1.78367969866363,2.08704153740955,2.85114122305128,2.02375089795395,7.37713371283395,76.217667,-1,0,-0.580984411298633,0,0,0,-0.0665482522690782,0,0,0,0,0.0665482522690782,8.73027301978581,7.48693276883501,5.13526888509767,1,2.35166388373734,0.580984411298633,0.269368882096546,0.0665482522690782
"13",13,"Syngnathidae","Bryx,Choeroichthys,Corythoichthys,Cosmocampus,Doryrhamphus,Dunckerocampus,Enneacampus,Entelurus,Festucalex,Halicampus,Haliichthys,Hippichthys,Hippocampus,Hypselognathus,Idiotropiscis,Kaupus,Maroubra,Microphis,Nerophis,Penetopteryx,Phycodurus,Phyllopteryx,Pugnaso,Solegnathus,Stigmatopora,Syngnathoides,Syngnathus,Trachyrhamphus,Vanacampus","13_1",-1.05768437975698,2.82997276236573,3.40407085887248,2.33333885522214,5.40717177146012,95.161939,"Centriscidae","Aeoliscus,Macroramphosus,Notopogon","13_2",-2.07148924517251,2.81677106544216,5.46882219954767,1.77749056800898,2.19722457733622,95.161939,1,3.2099471941239,1.01380486541553,0.0132016969235687,-2.06475134067518,0.555848287213161,0.103925645309425,0.329053297077809,0.00135331257401195,-0.211658695675345,0.0569802867528057,0.103925645309425,9.75509810304335,5.70044357339069,2.484906649788,1,3.21553692360269,1.01380486541553,0.32962630305066,0.103925645309425
"14",14,"Callionymidae,Champsodontidae,Mullidae","Bathycallionymus,Callionymus,Champsodon,Dactylopus,Diplogrammus,Draculo,Foetorepus,Mulloidichthys,Mullus,Parupeneus,Pseudupeneus,Synchiropus,Tonlesapia,Upeneichthys,Upeneus","14_1",-1.10279502412244,2.80801609901648,4.8515503932935,1.67374973321407,5.59098698051086,92.675403,"Fistulariidae","Fistularia","14_2",-1.67141793155327,5.01231009196464,5.0905596445672,1.24330669168754,1.38629436111989,92.675403,1,4.20469261939097,0.568622907430825,-2.20429399294817,-0.239009251273703,0.430443041526529,0.0590666186780108,0.436769205676129,-0.228974582336077,-0.024827470228533,0.0447129629569904,0.0590666186780108,9.62680647982497,5.69933928495883,1.41827740697294,1,4.28106187798589,0.568622907430825,0.444702185190672,0.0590666186780108
"15",15,"Ariommatidae,Nomeidae,Stromateidae","Ariomma,Cubiceps,Pampus,Peprilus,Psenes,Stromateus","15_1",-1.29108964142174,3.55258582269747,5.42914660269837,2.40124505851767,3.63758615972639,63.103576,"Tetragonuridae","Tetragonurus","15_2",-1.6231261706414,4.08025912373875,6.68461172766793,2.43027541912298,1.09861228866811,63.103576,1,2.53897387105828,0.332036529219657,-0.527673301041287,-1.25546512496955,-0.0290303606053106,0.0417983251559545,0.319618012133719,-0.0664260051894731,-0.158043874385649,-0.00365447878529248,0.0417983251559545,7.94377592836052,3.66714496196793,1.32175583998232,1,2.34538912198561,0.332036529219657,0.295248650407196,0.0417983251559545
"16",16,"Scombridae,Trichiuridae,Ariommatidae,Bramidae,Nomeidae,Gempylidae,Icosteidae,Stromateidae,Tetragonuridae","Acanthocybium,Allothunnus,Aphanopus,Ariomma,Assurger,Auxis,Benthodesmus,Brama,Cubiceps,Cybiosarda,Diplospinus,Euthynnus,Evoxymetopon,Gasterochisma,Gempylus,Grammatorcynus,Gymnosarda,Icosteus,Katsuwonus,Lepidopus,Lepturacanthus,Nealotus,Neoepinnula,Nesiarchus,Pampus,Paradiplospinus,Peprilus,Promethichthys,Psenes,Pterycombus,Rastrelliger,Rexea,Ruvettus,Sarda,Scomber,Scomberomorus,Stromateus,Taractes,Taractichthys,Tetragonurus,Thunnus,Thyrsites,Trichiurus,Xenobrama","16_1",-0.731291166924953,4.40513059805498,5.86176256814981,1.7149926591599,5.12396397940326,68.884826,"Arripidae,Centrolophidae,Gempylidae,Pomatomidae","Arripis,Centrolophus,Hyperoglyphe,Icichthys,Lepidocybium,Pomatomus,Psenopsis,Schedophilus,Seriolella","16_2",-0.741394242236239,4.39927389118961,6.2322424411629,2.92555354115234,3.55534806148941,68.884826,1,1.56861591791385,0.0101030753112858,0.00585670686536854,-0.370479873013084,-1.21056088199244,0.00121728370236234,0.18899696709275,0.000705653832824828,-0.0446378055767159,-0.145856186058582,0.00121728370236234,8.29968830740047,5.31039414777349,3.72328088083127,1,1.58711326694222,0.0101030753112858,0.191225647055572,0.00121728370236234
"17",17,"Centrolophidae","Centrolophus,Hyperoglyphe,Icichthys,Psenopsis,Schedophilus,Seriolella","17_1",-2.32582301416122,4.22108483091411,6.68753958316699,3.31836823051091,3.36729582998647,65.532148,"Arripidae,Gempylidae,Pomatomidae","Arripis,Lepidocybium,Pomatomus","17_2",-1.96099028488849,4.75565201174061,5.32164815715471,2.1399241624352,1.79175946922805,65.532148,1,1.57553636075842,-0.364832729272736,-0.534567180826504,1.36589142601228,1.1784440680757,-0.045067824080916,0.194626166575821,-0.0660351381109503,0.168728706505754,0.14557331535223,0.045067824080916,8.09519289455168,3.43527669531502,2.33795223683134,1,1.09732445848368,-0.364832729272736,0.135552601744946,-0.045067824080916
"18",18,"Liparidae,Cyclopteridae","Acantholiparis,Aptocyclus,Careproctus,Crystallichthys,Cyclopterus,Edentoliparis,Elassodiscus,Eumicrotremus,Liparis,Lipariscus,Nectoliparis,Paraliparis,Psednos,Rhinoliparis,Rhodichthys","18_1",-1.21562037467555,2.64117462930902,7.05558839095298,4.00085542092333,5.94017125272043,45.748145,"Trichodontidae","Arctoscopus,Trichodon","18_2",-1.55411674084614,3.40946203263776,6.11842215209846,3.93640645778947,0.693147180559945,45.748145,1,5.24702407216049,0.338496366170586,-0.768287403328736,0.937166238854516,0.0644489631338558,0.0500457574019619,0.775758087947286,-0.11358918099167,0.138557452671106,0.00952860206534534,0.0500457574019619,6.76373750229856,6.05832848736149,0.908258560176891,1,5.1500699271846,0.338496366170586,0.761423684085081,0.0500457574019619
"19",20,"Hypoptychidae","Aulichthys,Hypoptychus","20_1",-1.57314937853522,2.42601513195981,NA,3.7853087726824,0.693147180559945,37.396016,"Aulorhynchidae","Aulorhynchus","20_2",-1.85149673486146,2.89037175789616,3.40119738166216,3.83068516485709,0,37.396016,1,0.693147180559945,0.278347356326247,-0.464356625936356,NA,-0.0453763921746919,0.0455170840714965,0.113347721019806,-0.075934472167676,NA,-0.00742022875566968,0.0455170840714965,6.11522820506316,0.693147180559945,0,1,0.693147180559945,0.278347356326247,0.113347721019806,0.0455170840714965
"20",21,"Sebastidae,Scorpaenidae","Adelosebastes,Brachypterois,Dendrochirus,Helicolenus,Hozukius,Neomerinthe,Pontinus,Pterois,Scorpaenodes,Sebastes,Sebastiscus,Sebastolobus,Trachyscorpia","21_1",-2.11283494662187,3.4402530578627,5.73159944575913,2.58147948054424,5.35185813347607,55.396417,"Scorpaenidae,Setarchidae","Caracanthus,Iracundus,Neomerinthe,Parascorpaena,Scorpaena,Scorpaenodes,Scorpaenopsis,Sebastapistes,Setarches,Taenianotus","21_2",-1.3320401047102,2.71531676494147,4.37860331192319,1.43881049623827,5.03695260241363,55.396417,1,0.314905531062437,-0.780794841911673,0.724936292921226,1.35299613383594,1.14266898430597,-0.104904978171838,0.0423096517664151,0.0974000107360818,0.181784026056228,0.153525175144298,0.104904978171838,7.44287693032741,5.33595028135489,4.6456401185418,1,0.690310162813083,-0.780794841911673,0.0927477599421648,-0.104904978171838
"21",23,"Serranidae,Percidae,Congiopodidae,Neosebastidae,Niphonidae","Acanthistius,Ammocrypta,Congiopodus,Crystallaria,Etheostoma,Gymnocephalus,Maxillicosta,Neosebastes,Niphon,Perca,Percarina,Percina,Romanichthys,Sander,Zingel","23_1",-0.683678153633744,3.06286536931778,3.86765933968113,3.49983526199568,5.61312810638807,83.747791,"Bembropidae,Percophidae,Trachinidae","Bembrops,Chrionema,Echiichthys,Trachinus","23_2",-0.369757288716646,3.16490019751713,5.58131454678301,3.09156986832187,3.46573590279973,83.747791,1,2.14739220358834,-0.313920864917097,-0.102034828199353,-1.71365520710188,0.408265393673818,-0.0343031104752269,0.234652233175979,-0.0111496634190516,-0.187256440890565,0.0446124309261936,0.0343031104752269,9.15138191750295,5.55971962997934,3.51064951522324,1,2.0490701147561,-0.313920864917097,0.223908272349233,-0.0343031104752269
"22",24,"Centrarchidae","Acantharchus,Ambloplites,Archoplites,Centrarchus,Enneacanthus,Lepomis,Micropterus,Pomoxis","24_1",-1.19682673176525,3.4562897831245,1.94591014905531,NA,3.63758615972639,62.097934,"Elassomatidae","Elassoma","24_2",-0.734612090039073,1.2226589483912,NA,NA,1.94591014905531,62.097934,1,1.69167601067107,-0.462214641726175,2.23363083473329,NA,NA,-0.0586550113194086,0.214673587976615,0.283447623825549,NA,NA,0.0586550113194086,7.88022423538823,3.63758615972639,2.02419306744936,1,1.61339309227703,-0.462214641726175,0.204739490157102,-0.0586550113194086
"23",26,"Ammodytidae,Uranoscopidae,Centrogenyidae,Cheimarrichthyidae,Pinguipedidae","Ammodytes,Astroscopus,Centrogenys,Cheimarrichthys,Hyperoplus,Kathetostoma,Parapercis,Pinguipes,Uranoscopus,Xenocephalus","26_1",-1.66232194505932,3.39665159695948,4.62407461257407,2.50451203483462,4.85981240436167,91.001908,"Gerreidae","Diapterus,Eucinostomus,Eugerres,Gerres,Ulaema","26_2",-1.44338548310634,3.31869508438359,3.53434409434758,2.17362072537566,3.95124371858143,91.001908,1,0.908568685780244,-0.218936461952979,0.0779565125758857,1.08973051822649,0.330891309458963,-0.0229505367260164,0.0952428791673192,0.00817197733509221,0.114233600273441,0.0346864705966089,0.0229505367260164,9.53949202001868,5.12764766249453,4.00733318523247,1,1.12031447726206,-0.218936461952979,0.117439636713472,-0.0229505367260164
"24",27,"Sillaginidae","Sillaginodes,Sillaginopodys,Sillago","27_1",-1.44741260474753,3.72975949310882,3.55121999406307,2.01161276281717,3.43398720448515,89.0055,"Moronidae","Dicentrarchus,Morone","27_2",-1.6722392766362,4.34506409048898,4.60517018598809,3.68427699149898,1.79175946922805,89.0055,1,1.64222773525709,0.224826671888673,-0.615304597380163,-1.05395019192503,-1.67266422868181,0.0238308432221843,0.174070413288924,-0.0652201416801503,-0.111715045091239,-0.177296575456181,0.0238308432221843,9.43427262697024,3.49650756146648,1.79175946922805,1,1.70474809223843,0.224826671888673,0.180697353112838,0.0238308432221843
"25",28,"Haemulidae","Anisotremus,Brachydeuterus,Conodon,Diagramma,Emmelichthyops,Genyatremus,Haemulon,Haemulopsis,Isacia,Microlepidotus,Orthopristis,Parapristipoma,Plectorhinchus,Pomadasys,Xenichthys,Xenistius","28_1",-1.51336779418343,3.63897077677731,4.08253367919684,2.19873492663927,4.89783979995091,66.324026,"Lutjanidae","Aphareus,Aprion,Apsilus,Caesio,Dipterygonotus,Etelis,Gymnocaesio,Lutjanus,Macolor,Ocyurus,Paracaesio,Pristipomoides,Pterocaesio,Rhomboplites,Symphorichthys,Symphorus","28_2",-2.13294464431717,4.0221697183507,5.01060070232297,0.739975391530508,4.84418708645859,66.324026,1,0.0536527134923199,0.619576850133746,-0.383198941573391,-0.928067023126133,1.45875953510876,0.0760781147367437,0.00658804035710054,-0.0470531670731823,-0.113957759160202,0.179121726806556,0.0760781147367437,8.14395640951006,4.91998092582813,4.89034912822175,1,0.0296317976063714,0.619576850133746,0.0036385014993166,0.0760781147367437
"26",29,"Sparidae","Acanthopagrus,Archosargus,Argyrops,Argyrozona,Boops,Calamus,Cheimerius,Chrysoblephus,Chrysophrys,Cymatoceps,Dentex,Diplodus,Evynnis,Gymnocrotaphus,Lagodon,Lithognathus,Oblada,Pachymetopon,Pagellus,Pagrus,Parargyrops,Petrus,Polyamblyodon,Polysteganus,Porcostoma,Pterogymnus,Rhabdosargus,Sarpa,Sparidentex,Sparodon,Sparus,Spicara,Spondyliosoma,Stenotomus,Virididentex","29_1",-0.976234491779675,4.040624851644,4.69012651135451,3.12055474057616,4.9416424226093,84.089783,"Nemipteridae","Nemipterus,Parascolopsis,Pentapodus,Scolopsis","29_2",-0.977304804516719,3.2964040538186,4.41266892307887,0.122422650259947,4.18965474202643,84.089783,1,0.751987680582879,0.00107031273704439,0.744220797825403,0.277457588275639,2.99813209031621,0.000116718333426744,0.082004769071001,0.0811577852129215,0.0302569390975987,0.326948347771026,0.000116718333426744,9.17004814600229,4.95842930262565,4.21316409756408,1,0.745265205061571,0.00107031273704439,0.0812716785338223,0.000116718333426744
"27",30,"Acanthuridae","Acanthurus,Ctenochaetus,Naso,Paracanthurus,Prionurus,Zebrasoma","30_1",-1.63447370890532,3.5247714409199,3.744566651446,1.41056971760652,4.40671924726425,67.390426,"Zanclidae","Zanclus","30_2",-1.37292019531445,3.13549421592915,5.2040066870768,0.0250305636642689,0,67.390426,1,4.40671924726425,-0.261553513590878,0.389277224990755,-1.4594400356308,1.38553915394226,-0.031861150765574,0.536804665290261,0.047419819312522,-0.177781740991184,0.168779502401988,0.031861150765574,8.20916719283997,4.40671924726425,0,1,4.40671924726425,-0.261553513590878,0.536804665290261,-0.031861150765574
"28",31,"Caproidae,Siganidae","Capros,Siganus","31_1",-2.13514877369954,3.46161476349772,4.96783728313695,2.11628127512816,3.36729582998647,68.543859,"Caproidae","Antigonia","31_2",-2.1342694966791,2.94460902860593,6.59802660569551,0.300656895104304,2.83321334405622,68.543859,1,0.534082485930258,-0.00087927702043844,0.517005734891796,-1.63018932255856,1.81562438002385,-0.000106204140227589,0.0645095571820502,0.0624469288865716,-0.196903650824624,0.219301564551899,0.000106204140227589,8.2791218737255,3.51035069555868,2.85761897142436,1,0.652731724134321,-0.00087927702043844,0.0788406951956851,-0.000106204140227589
"29",32,"Priacanthidae","Cookeolus,Heteropriacanthus,Priacanthus,Pristigenys","32_1",-2.49698327961346,3.80177010542879,5.58660610332372,0.176422938373463,2.94443897916644,62.729729,"Scatophagidae","Scatophagus,Selenotoca","32_2",-1.488898678584,3.6041356124041,1.6094379124341,0.881335463868211,1.38629436111989,62.729729,1,1.55814461804655,-1.00808460102946,0.197634493024683,3.97716819088962,-0.704912525494748,-0.127280031778506,0.196730211232219,0.0249531879834512,0.502154375940219,-0.0890017450464123,0.127280031778506,7.92021016135304,2.94496515650034,1.54543258245819,1,1.39953257404215,-1.00808460102946,0.176703969406168,-0.127280031778506
"30",33,"Tetraodontidae","Arothron,Auriglobus,Canthigaster,Carinotetraodon,Chelonodon,Chonerhinos,Colomesus,Lagocephalus,Marilyna,Monotrete,Omegophora,Pelagocephalus,Polyspina,Reicheltia,Sphoeroides,Takifugu,Tetractenos,Tetraodon,Torquigener,Tylerius","33_1",-0.999897909730222,2.92129803116223,3.91837542222317,2.37713884763076,5.20948615284142,71.846799,"Diodontidae","Allomycterus,Chilomycterus,Cyclichthys,Diodon","33_2",-1.28653409764195,3.77467096266611,4.57693466372073,1.81503924437362,2.70805020110221,71.846799,1,2.50143595173921,0.286636187911732,-0.853372931503885,-0.658559241497564,0.562099603257147,0.0338163949810361,0.295111188786204,-0.100678132541822,-0.0776946539484089,0.0663146629911252,0.0338163949810361,8.47624911148793,5.25227342804663,2.89037175789616,1,2.36190167015047,0.286636187911732,0.278649393037465,0.0338163949810361
"31",34,"Monacanthidae","Acanthaluteres,Acreichthys,Aluterus,Amanses,Brachaluteres,Cantherhines,Chaetodermis,Eubalichthys,Meuschenia,Monacanthus,Nelusetta,Oxymonacanthus,Paraluteres,Paramonacanthus,Pervagor,Pseudalutarius,Pseudomonacanthus,Rudarius,Scobinichthys,Stephanolepis,Thamnaconus","34_1",-1.24958947809698,3.10529238116944,4.06384510939388,1.74986017237165,4.62497281328427,60.571481,"Balistidae","Abalistes,Balistapus,Balistes,Balistoides,Canthidermis,Melichthys,Odonus,Pseudobalistes,Rhinecanthus,Sufflamen,Xanthichthys","34_2",-1.23810967463515,3.78714250580969,4.1635362144734,0.85642292130975,3.71357206670431,60.571481,1,0.911400746579963,-0.0114798034618253,-0.681850124640257,-0.0996911050795193,0.893437251061897,-0.00147502831294375,0.117104958296016,-0.0876102315142498,-0.012809209062675,0.114796846961471,0.00147502831294375,7.78276820931987,4.68213122712422,3.73766961828337,1,0.944461608840852,-0.0114798034618253,0.121352914983368,-0.00147502831294375
"32",35,"Ostraciidae","Acanthostracion,Lactophrys,Lactoria,Ostracion,Rhinesomus,Rhynchostracion,Tetrosomus","35_1",-2.1400666634964,3.59162651051039,4.2408637704582,1.47611264870918,3.2188758248682,49,"Aracanidae","Anoplocapros,Aracana,Caprichthys,Capropygia,Kentrocapros","35_2",-1.9446484453383,2.77956539648759,5.20972400353512,3.23786140482211,2.484906649788,49,1,0.7339691750802,-0.195418218158092,0.812061114022796,-0.968860233076925,-1.76174875611293,-0.0279168883082988,0.104852739297171,0.116008730574685,-0.138408604725275,-0.251678393730419,0.0279168883082988,7,3.25809653802148,2.56494935746154,1,0.693147180559945,-0.195418218158092,0.0990210257942779,-0.0279168883082988
"33",36,"Oneirodidae,Ceratiidae,Gigantactinidae,Himantolophidae,Melanocetidae","Bertella,Ceratias,Cryptopsaras,Gigantactis,Himantolophus,Lophodolos,Melanocetus,Oneirodes","36_1",-1.15312444223942,2.37167438235681,7.86666897427215,2.16169940561391,4.48863636973214,53.989043,"Chaunacidae","Chaunacops,Chaunax","36_2",-1.34587052585451,3.19627787518268,7.13284954098424,2.35649693977109,2.77258872223978,53.989043,1,1.71604764749236,0.192746083615096,-0.82460349282587,0.733819433287912,-0.194797534157178,0.02623208118663,0.233548201679878,-0.11222570837695,0.0998703091097602,-0.0265112765723984,0.02623208118663,7.34772366110757,5.12396397940326,2.77258872223978,1,2.35137525716348,0.192746083615096,0.320014111255926,0.02623208118663
"34",37,"Stephanoberycidae,Barbourisiidae,Berycidae,Cetomimidae,Melamphaidae,Rondeletiidae","Acanthochaenus,Barbourisia,Beryx,Centroberyx,Cetomimus,Cetostoma,Ditropichthys,Gyrinomimus,Melamphaes,Parataeniophorus,Poromitra,Rondeletia,Scopeloberyx,Scopelogadus,Sio","37_1",-2.02810984802955,2.70729565832384,7.60385310891733,1.72821460681926,4.52178857704904,112.871622,"Anoplogastridae,Trachichthyidae,Diretmidae,Monocentridae","Anoplogaster,Aulotrachichthys,Diretmichthys,Diretmus,Gephyroberyx,Hoplostethus,Monocentris,Paratrachichthys","37_2",-2.12628160852565,3.17302004749266,6.9188817424241,1.62050036446288,3.95124371858143,112.871622,1,0.570544858467613,0.0981717604961077,-0.465724389168822,0.68497136649323,0.10771424235638,0.00924047286760264,0.053702859740701,-0.0438365733704647,0.0644733199769433,0.0101386644073473,0.00924047286760264,10.6241057035404,4.75427960857593,4.17315574264639,1,0.581123865929542,0.0981717604961077,0.054698614843025,0.00924047286760264
"35",38,"Trachipteridae,Lophotidae,Regalecidae","Desmodema,Lophotus,Regalecus,Trachipterus,Zu","38_1",-1.65763075503559,5.39303346115176,5.75399279259366,1.19912656933979,2.70805020110221,86.820867,"Lamprididae,Veliferidae","Lampris,Metavelifer,Velifer","38_2",-1.19117504609608,4.00682761015312,5.46016592793808,1.99030647211447,1.38629436111989,86.820867,1,1.32175583998232,-0.46645570893951,1.38620585099863,0.293826864655582,-0.79117990277468,-0.0500608654674264,0.141853213537838,0.148770104614586,0.0315340274764357,-0.0849108498712168,0.0500608654674264,9.3177715683526,2.83907846350861,1.58923520511658,1,1.24984325839203,-0.46645570893951,0.134135425967843,-0.0500608654674264
"36",39,"Gadidae,Lotidae,Gaidropsaridae,Phycidae","Arctogadus,Boreogadus,Brosme,Ciliata,Eleginus,Enchelyopus,Gadiculus,Gadus,Gaidropsarus,Lota,Melanogrammus,Merlangius,Microgadus,Micromesistius,Molva,Phycis,Pollachius,Theragra,Trisopterus,Urophycis","39_1",-2.52449190938026,4.10760886063288,6.18481667289383,3.95542731468033,4.06044301054642,62.033951,"Gadidae,Lotidae,Gaidropsaridae,Phycidae","Arctogadus,Boreogadus,Brosme,Ciliata,Eleginus,Enchelyopus,Gadiculus,Gadus,Gaidropsarus,Lota,Melanogrammus,Merlangius,Microgadus,Micromesistius,Molva,Phycis,Pollachius,Theragra,Trisopterus,Urophycis","39_2",-1.96916035241822,4.10760886063288,6.18481667289383,3.95542731468033,4.06044301054642,62.033951,-1,0,0.55533155696204,0,0,0,0.0705078759607847,0,0,0,0,0.0705078759607847,7.87616346960879,4.23280130536912,3.1389664416399,1,1.09383486372922,-0.55533155696204,0.138879146928568,-0.0705078759607847
"37",40,"Salangidae,Plecoglossidae","Hemisalanx,Leucosoma,Neosalangichthys,Neosalanx,Plecoglossus,Protosalanx,Salangichthys,Salanx","40_1",-1.6558615041465,2.39694197334332,NA,3.52461178968356,3.13549421592915,68.761268,"Osmeridae","Allosmerus,Hypomesus,Mallotus,Osmerus,Spirinchus,Thaleichthys","40_2",-2.39002383401795,3.31831506625346,5.14454234360851,3.94709288861313,2.70805020110221,68.761268,1,0.42744401482694,0.734162329871449,-0.92137309291014,NA,-0.422481098929571,0.0885360533353345,0.0515474637621545,-0.111112670831147,NA,-0.050948962628672,0.0885360533353345,8.29224143401529,3.13549421592915,2.70805020110221,1,0.42744401482694,0.734162329871449,0.0515474637621545,0.0885360533353345
"38",41,"Umbridae,Esocidae","Dallia,Esox,Novumbra","41_1",-1.55240679836309,3.46559957074191,2.59647842544511,NA,2.39789527279837,101.351657,"Umbridae","Umbra","41_2",-1.61453085950011,2.69655550216852,NA,NA,1.09861228866811,101.351657,1,1.29928298413026,0.0621240611370195,0.769044068573389,NA,NA,0.00617084178657672,0.129059008447234,0.0763898751500604,NA,NA,0.00617084178657672,10.0673560084066,2.39789527279837,1.09861228866811,1,1.29928298413026,0.0621240611370195,0.129059008447234,0.00617084178657672
"39",42,"Nemacheilidae,Cobitidae,Balitoridae,Barbuccidae,Botiidae,Ellopostomatidae,Gyrinocheilidae,Serpenticobitidae,Vaillantellidae","Acanthocobitis,Acanthopsoides,Acantopsis,Ambastaia,Balitora,Barbatula,Barbucca,Beaufortia,Botia,Canthophrys,Chromobotia,Claea,Cobitis,Ellopostoma,Erromyzon,Formosania,Gastromyzon,Glaniopsis,Gyrinocheilus,Hemimyzon,Homaloptera,Homatula,Iksookimia,Jinshaia,Kichulchoia,Koreocobitis,Kottelatlimia,Lefua,Lepidocephalichthys,Lepidocephalus,Leptobotia,Lepturichthys,Liniparhomaloptera,Metahomaloptera,Microcobitis,Misgurnus,Nemacheilus,Niwaella,Oreonectes,Oxynoemacheilus,Pangio,Parabotia,Paracobitis,Paramisgurnus,Pseudogastromyzon,Sabanejewia,Schistura,Sectoria,Serpenticobitis,Sewellia,Sinibotia,Sinogastromyzon,Syncrossus,Traccatichthys,Triplophysa,Tuberoschistura,Vaillantella,Vanmanenia,Yasuhikotakia,Yunnanilus","42_1",-1.29848130556041,2.26649664625585,1.90022561488552,NA,6.91869521902047,93.249062,"Catostomidae","Carpiodes,Catostomus,Chasmistes,Cycleptus,Deltistes,Erimyzon,Hypentelium,Ictiobus,Minytrema,Moxostoma,Myxocyprinus,Thoburnia,Xyrauchen","42_2",-1.27231231786911,3.98464736610692,2.39374587139102,NA,4.39444915467244,93.249062,1,2.52424606434803,-0.0261689876913056,-1.71815071985107,-0.493520256505502,NA,-0.00270997127178752,0.261402328511875,-0.177925839024504,-0.0511072775512622,NA,0.00270997127178752,9.65655538999285,6.98809025163441,4.39494285994043,1,2.59314739169398,-0.0261689876913056,0.268537515394079,-0.00270997127178752
"40",43,"Ariidae,Anchariidae,Bagridae","Amissidens,Amphiarius,Ariopsis,Arius,Aspistor,Bagre,Brustiarius,Carlarius,Cathorops,Cephalocassis,Cinetodus,Cochlefelis,Cryptarius,Galeichthys,Genidens,Gogo,Hemiarius,Hexanematichthys,Ketengus,Nedystoma,Nemapteryx,Neoarius,Netuma,Notarius,Occidentarius,Osteogeneiosus,Plicofollis,Potamarius,Potamosilurus,Sciades,Tachysurus","43_1",-1.75313147977769,3.82527302194712,4.14355618508815,1.15427396028898,5.15905529921453,65.05683,"Ictaluridae,Cranoglanididae","Ameiurus,Cranoglanis,Ictalurus,Noturus,Prietella,Pylodictis","43_2",-2.03570723206901,3.90484200737571,1.84443972705697,NA,3.98898404656427,65.05683,1,1.17007125265025,0.282575752291322,-0.079568985428589,2.29911645803118,NA,0.0350338965802515,0.145066074935592,-0.00986500640588168,0.285045718054316,NA,0.0350338965802515,8.06578142525571,5.45579109037223,4.03883185229184,1,1.41695923808039,0.282575752291322,0.175675382628592,0.0350338965802515
"41",44,"Heptapteridae,Akysidae,Schilbeidae,Amblycipitidae,Ictaluridae,Ariidae,Amphiliidae,Claroteidae,Mochokidae,Erethistidae,Sisoridae,Bagridae,Pseudopimelodidae,Siluridae,Pimelodidae,Chacidae,Plotosidae,Cranoglanididae,Anchariidae,Pangasiidae,Horabagridae,Lacantuniidae,Malapteruridae","Acentronichthys,Acrochordonichthys,Ailia,Akysis,Amblyceps,Ameiurus,Amissidens,Amphiarius,Amphilius,Anaspidoglanis,Ariopsis,Arius,Aspistor,Atopochilus,Auchenoglanis,Ayarnangra,Bagarius,Bagre,Bagrichthys,Bagrus,Batasio,Bathybagrus,Batrochoglanis,Belodontichthys,Belonoglanis,Bergiaria,Brachyplatystoma,Breitensteinia,Brustiarius,Caelatoglanis,Calophysus,Carlarius,Cathorops,Cephalocassis,Cephalosilurus,Ceratoglanis,Cetopsorhamdia,Chaca,Chandramara,Chasmocranus,Cheirocerus,Chiloglanis,Chrysichthys,Cinetodus,Clarotes,Clupisoma,Cnidoglanis,Cochlefelis,Conorhynchos,Conta,Coreobagrus,Cranoglanis,Creteuchiloglanis,Cryptarius,Duopalatinus,Erethistes,Erethistoides,Euchilichthys,Euchiloglanis,Eutropiichthys,Exallodontus,Exostoma,Gagata,Galeichthys,Genidens,Gladioglanis,Glaridoglanis,Glyptosternon,Glyptothorax,Goeldiella,Gogangra,Gogo,Hara,Helicophagus,Hemiarius,Hemibagrus,Hemisilurus,Hemisorubim,Heptapterus,Hexanematichthys,Horabagrus,Hyalobagrus,Hypophthalmus,Ictalurus,Iheringichthys,Imparfinis,Ketengus,Kryptopterus,Lacantunia,Laides,Leiarius,Leiocassis,Liobagrus,Lophiobagrus,Lophiosilurus,Luciopimelodus,Malapterurus,Megalonema,Microglanis,Mochokiella,Mochokus,Myersglanis,Mystus,Nangra,Nanobagrus,Nedystoma,Nemapteryx,Nemuroglanis,Neoarius,Neosilurus,Netuma,Notarius,Noturus,Occidentarius,Olyra,Ompok,Oreoglanis,Osteogeneiosus,Pangasianodon,Pangasius,Paradoxoglanis,Parailia,Parakysis,Parapimelodus,Parauchenoglanis,Pareuchiloglanis,Pareutropius,Pelteobagrus,Perrunichthys,Phalacronotus,Phenacorhamdia,Phractocephalus,Phractura,Phreatobius,Phyllonemus,Pimelabditus,Pimelodella,Pimelodina,Pimelodus,Pinirampus,Platynematichthys,Platysilurus,Platystomatichthys,Plicofollis,Plotosus,Porochilus,Potamarius,Potamosilurus,Prietella,Pseudecheneis,Pseudeutropius,Pseudexostoma,Pseudobagrus,Pseudolaguvia,Pseudolais,Pseudomystus,Pseudopimelodus,Pseudoplatystoma,Pterocryptis,Pylodictis,Rhamdia,Rhamdiopsis,Schilbe,Sciades,Silonia,Silurus,Sisor,Sorubim,Sorubimichthys,Sperata,Steindachneridion,Synodontis,Tachysurus,Tandanus,Taunayia,Wallago,Xiurenbagrus,Zungaro","44_1",-2.19792782455659,3.23415024907702,3.41559338471241,1.2262566955787,7.38523092306657,72.130139,"Heptapteridae,Akysidae,Schilbeidae,Amblycipitidae,Ictaluridae,Ariidae,Amphiliidae,Claroteidae,Mochokidae,Erethistidae,Sisoridae,Bagridae,Pseudopimelodidae,Siluridae,Pimelodidae,Chacidae,Plotosidae,Cranoglanididae,Anchariidae,Pangasiidae,Horabagridae,Lacantuniidae,Malapteruridae","Acentronichthys,Acrochordonichthys,Ailia,Akysis,Amblyceps,Ameiurus,Amissidens,Amphiarius,Amphilius,Anaspidoglanis,Ariopsis,Arius,Aspistor,Atopochilus,Auchenoglanis,Ayarnangra,Bagarius,Bagre,Bagrichthys,Bagrus,Batasio,Bathybagrus,Batrochoglanis,Belodontichthys,Belonoglanis,Bergiaria,Brachyplatystoma,Breitensteinia,Brustiarius,Caelatoglanis,Calophysus,Carlarius,Cathorops,Cephalocassis,Cephalosilurus,Ceratoglanis,Cetopsorhamdia,Chaca,Chandramara,Chasmocranus,Cheirocerus,Chiloglanis,Chrysichthys,Cinetodus,Clarotes,Clupisoma,Cnidoglanis,Cochlefelis,Conorhynchos,Conta,Coreobagrus,Cranoglanis,Creteuchiloglanis,Cryptarius,Duopalatinus,Erethistes,Erethistoides,Euchilichthys,Euchiloglanis,Eutropiichthys,Exallodontus,Exostoma,Gagata,Galeichthys,Genidens,Gladioglanis,Glaridoglanis,Glyptosternon,Glyptothorax,Goeldiella,Gogangra,Gogo,Hara,Helicophagus,Hemiarius,Hemibagrus,Hemisilurus,Hemisorubim,Heptapterus,Hexanematichthys,Horabagrus,Hyalobagrus,Hypophthalmus,Ictalurus,Iheringichthys,Imparfinis,Ketengus,Kryptopterus,Lacantunia,Laides,Leiarius,Leiocassis,Liobagrus,Lophiobagrus,Lophiosilurus,Luciopimelodus,Malapterurus,Megalonema,Microglanis,Mochokiella,Mochokus,Myersglanis,Mystus,Nangra,Nanobagrus,Nedystoma,Nemapteryx,Nemuroglanis,Neoarius,Neosilurus,Netuma,Notarius,Noturus,Occidentarius,Olyra,Ompok,Oreoglanis,Osteogeneiosus,Pangasianodon,Pangasius,Paradoxoglanis,Parailia,Parakysis,Parapimelodus,Parauchenoglanis,Pareuchiloglanis,Pareutropius,Pelteobagrus,Perrunichthys,Phalacronotus,Phenacorhamdia,Phractocephalus,Phractura,Phreatobius,Phyllonemus,Pimelabditus,Pimelodella,Pimelodina,Pimelodus,Pinirampus,Platynematichthys,Platysilurus,Platystomatichthys,Plicofollis,Plotosus,Porochilus,Potamarius,Potamosilurus,Prietella,Pseudecheneis,Pseudeutropius,Pseudexostoma,Pseudobagrus,Pseudolaguvia,Pseudolais,Pseudomystus,Pseudopimelodus,Pseudoplatystoma,Pterocryptis,Pylodictis,Rhamdia,Rhamdiopsis,Schilbe,Sciades,Silonia,Silurus,Sisor,Sorubim,Sorubimichthys,Sperata,Steindachneridion,Synodontis,Tachysurus,Tandanus,Taunayia,Wallago,Xiurenbagrus,Zungaro","44_2",-1.88021698227766,3.23415024907702,3.41559338471241,1.2262566955787,7.38523092306657,72.130139,-1,0,0.317710842278933,0,0,0,0.0374087891682781,0,0,0,0,0.0374087891682781,8.49294642629989,5.94759102641399,5.37851390854231,1,0.569077117871681,-0.317710842278933,0.0670058527755968,-0.0374087891682781
"42",45,"Clariidae","Bathyclarias,Channallabes,Clariallabes,Clarias,Dinotopterus,Dolichallabes,Gymnallabes,Heterobranchus,Platyallabes,Tanganikallabes","45_1",-2.09188666193378,3.91253200845197,4.58312358515324,NA,4.62497281328427,35.980964,"Heteropneustidae","Heteropneustes","45_2",-2.37444636011147,3.07101870279368,0,NA,1.38629436111989,35.980964,1,3.23867845216438,0.282559698177692,0.841513305658293,4.58312358515324,NA,0.0471057389104021,0.539922510415695,0.140289313449934,0.764055965478021,NA,0.0471057389104021,5.99841345690675,4.73873907790951,1.53901544813755,1,3.19972362977195,0.282559698177692,0.533428322798872,0.0471057389104021
"43",46,"Loricariidae,Scoloplacidae","Acanthicus,Acestridium,Ancistrus,Aphanotorulus,Apistoloricaria,Chaetostoma,Corumbataia,Corymbophanes,Crossoloricaria,Cteniloricaria,Dasyloricaria,Dekeyseria,Delturus,Epactionotus,Eurycheilichthys,Farlowella,Fonchiiloricaria,Gymnotocinclus,Harttia,Harttiella,Hemiancistrus,Hemipsilichthys,Hisonotus,Hypancistrus,Hypoptopoma,Hypostomus,Isbrueckerichthys,Ixinandria,Kronichthys,Lamontichthys,Lasiancistrus,Leporacanthicus,Loricaria,Loricariichthys,Macrotocinclus,Megalancistrus,Microlepidogaster,Neoplecostomus,Otocinclus,Otothyris,Oxyropsis,Panaqolus,Panaque,Parancistrus,Pareiorhaphis,Pareiorhina,Parotocinclus,Peckoltia,Proloricaria,Pseudacanthicus,Pseudancistrus,Pseudohemiodon,Pseudolithoxus,Pseudotocinclus,Pseudotothyris,Pterygoplichthys,Rhinelepis,Rineloricaria,Schizolecis,Scoloplax,Spatuloricaria,Squaliforma,Sturisoma,Sturisomatichthys","46_1",-1.37031499519184,2.48298554540433,2.30258509299405,NA,6.67959918584438,86.188077,"Callichthyidae","Aspidoras,Callichthys,Corydoras,Dianema,Hoplosternum,Lepthoplosternum,Megalechis,Scleromystax","46_2",-1.1772259007978,2.1658198095217,0.621226662447,NA,5.30330490805908,86.188077,1,1.37629427778531,-0.193089094394045,0.317165735882631,1.68135843054705,NA,-0.0207986022775151,0.148247612794021,0.0341635244464728,0.18110761455813,NA,0.0207986022775151,9.28375338965873,6.79559391209381,5.30330490805908,1,1.49228900403473,-0.193089094394045,0.160741991024558,-0.0207986022775151
"44",47,"Curimatidae,Prochilodontidae","Curimatella,Curimatopsis,Cyphocharax,Potamorhina,Prochilodus,Semaprochilodus,Steindachnerina","47_1",-2.12175214362655,2.8663135810001,NA,NA,4.55387689160054,48.933516,"Anostomidae","Anostomus,Leporinus,Schizodon","47_2",-2.08599496854968,3.13596601070238,NA,NA,4.70953020131233,48.933516,-1,0.155653309711793,0.0357571750768706,0.269652429702278,NA,NA,0.00511163682135413,0.0222512876808073,0.0385479357826944,NA,NA,0.00511163682135413,6.99524953093169,4.51327417128355,5.04516553699308,-1,0.531891365709524,0.0357571750768706,0.0760360818234717,0.00511163682135413
"45",48,"Clupeidae,Engraulidae,Chirocentridae,Dussumieriidae,Pristigasteridae","Alosa,Amazonsprattus,Amblygaster,Anchoa,Anchovia,Anchoviella,Anodontostoma,Brevoortia,Cetengraulis,Chirocentrus,Clupanodon,Clupea,Coilia,Dorosoma,Dussumieria,Encrasicholina,Engraulis,Ethmalosa,Etrumeus,Gilchristella,Harengula,Herklotsichthys,Hilsa,Hyperlophus,Ilisha,Jurengraulis,Konosirus,Limnothrissa,Lycengraulis,Lycothrissa,Microthrissa,Nematalosa,Odaxothrissa,Odontognathus,Opisthonema,Opisthopterus,Pellona,Pellonula,Platanichthys,Potamothrissa,Pterengraulis,Rhinosardinia,Sardina,Sardinella,Sardinops,Sauvagella,Setipinna,Sierrathrissa,Sprattus,Stolothrissa,Tenualosa,Thryssa","48_1",-0.724375756097316,2.93824831679042,3.9731970253879,1.96992043123984,5.73334127689775,111.533367,"Chirocentridae,Clupeidae","Chirocentrus,Jenkinsia,Spratelloides","48_2",-0.624037249258095,2.13781685293893,3.87483241354244,2.47781540789774,2.39789527279837,111.533367,1,3.33544600409938,-0.100338506839221,0.800431463851484,0.098364611845458,-0.507894976657894,-0.00950091050897905,0.315828638383653,0.0757917169209004,0.00931400519933643,-0.0480918530003524,0.00950091050897905,10.5609358960274,5.94672865326659,2.52572864430826,1,3.42100000895833,-0.100338506839221,0.323929625426964,-0.00950091050897905
"46",49,"Mormyridae","Boulengeromyrus,Brienomyrus,Campylomormyrus,Genyomyrus,Gnathonemus,Hippopotamyrus,Hyperopisus,Isichthys,Ivindomyrus,Marcusenius,Mormyrops,Mormyrus,Myomyrus,Oxymormyrus,Paramormyrops,Petrocephalus,Pollimyrus,Stomatorhinus","49_1",-1.24447193430589,3.22757721989521,NA,NA,5.39362754635236,61.736181,"Gymnarchidae","Gymnarchus","49_2",-0.959399192533672,5.11799381241676,NA,NA,0,61.736181,1,5.39362754635236,-0.285072741772218,-1.89041659252154,NA,NA,-0.0362815483273363,0.686453419804679,-0.240595577584797,NA,NA,0.0362815483273363,7.85723749163788,5.40267738187228,0.693147180559945,1,4.70953020131233,-0.285072741772218,0.599387533636915,-0.0362815483273363
"47",50,"Muraenidae,Heterenchelyidae","Anarchias,Echidna,Enchelycore,Enchelynassa,Gymnomuraena,Gymnothorax,Muraena,Pseudechidna,Pythonichthys,Rhinomuraena,Scuticaria,Strophidon,Uropterygius","50_1",-1.04283232445346,4.58896818895309,3.50854915573053,0.945849725528127,5.29831736654804,99.574223,"Congridae,Chlopsidae","Bassanago,Chilorhinus,Kaupichthys","50_2",-1.17781135230937,3.49000744534088,5.69097291752132,2.29391022440629,2.484906649788,99.574223,1,2.81341071676004,0.13497902785591,1.09896074361221,-2.18242376179079,-1.34806049887816,0.0135267303569716,0.281941933895481,0.110130780224674,-0.218708478045237,-0.135093956171289,0.0135267303569716,9.97868844087238,5.3468694071302,3.50375396998725,1,1.84311543714295,0.13497902785591,0.18470517924917,0.0135267303569716
"48",51,"Anguillidae","Anguilla","51_1",-2.38342103185894,4.77865441140407,6.3744477221788,2.53971769287568,3.09104245335832,85.334715,"Nemichthyidae,Serrivomeridae","Avocettina,Nemichthys,Serrivomer,Stemonidium","51_2",-1.28630424025207,4.15361138093655,7.75935958774412,1.60694999061214,2.89037175789616,85.334715,1,0.200670695462152,-1.09711679160687,0.625043030467517,-1.38491186556532,0.932767702263546,-0.118765415070604,0.0217230641453978,0.0676623450833688,-0.149919893495721,0.100974248294505,0.118765415070604,9.23767909163335,3.19663021592088,3.11971825333498,1,0.0769119625858989,-1.09711679160687,0.00832589677807262,-0.118765415070604
"49",52,"Elopidae","Elops","52_1",-2.00045292782958,4.66855151493816,3.20526849336145,1.87554906065759,1.94591014905531,130.966261,"Megalopidae","Megalops","52_2",-1.67653704246756,5.26604810597925,3.68887945411394,1.24131054228448,0.693147180559945,130.966261,1,1.25276296849537,-0.323915885362025,-0.597496591041088,-0.483610960752487,0.634238518373114,-0.0283043074222767,0.109468506454713,-0.052210243340452,-0.0422587280355895,0.0554208139036411,0.0283043074222767,11.4440491522887,1.94591014905531,0.693147180559945,1,1.25276296849537,-0.323915885362025,0.109468506454713,-0.0283043074222767
"50",53,"Lepisosteidae","Atractosteus,Lepisosteus","53_1",-0.172326870488861,5.09979357145657,NA,NA,1.94591014905531,251.200001,"Amiidae","Amia","53_2",-0.242463994879652,4.69134788222914,NA,NA,0,251.200001,1,1.94591014905531,0.070137124390791,0.408445689227424,NA,NA,0.00442525332960229,0.122775854314103,0.0257705981235336,NA,NA,0.00442525332960229,15.8492902364743,1.94591014905531,0,1,1.94591014905531,0.070137124390791,0.122775854314103,0.00442525332960229
