"","Pair","Family_first","Genus_first","Sister_first","Blen_first","Length_first","Depth_first","Lat_first","N_spp_first","Age_first","Family_last","Genus_last","Sister_last","Blen_last","Length_last","Depth_last","Lat_last","N_spp_last","Age_last","swap","N_spp_diff","Blen_diff","Length_diff","Depth_diff","Lat_diff","Blen_std","N_spp_std","Length_std","Depth_std","Lat_std","rate.std","time.std","N_spp_ata_first","N_spp_ata_last","swap_ata","N_spp_ata_diff","Blen_ata_diff","N_spp_ata_std","Blen_ata_std"
"1",1,"Poeciliidae","Alfaro,Belonesox,Brachyrhaphis,Carlhubbsia,Cnesterodon,Gambusia,Girardinus,Heterandria,Heterophallus,Limia,Micropoecilia,Neoheterandria,Pamphorichthys,Phallichthys,Phalloptychus,Poecilia,Poeciliopsis,Priapella,Priapichthys,Pseudopoecilia,Pseudoxiphophorus,Quintana,Scolichthys,Xenodexia,Xenophallus,Xiphophorus","1_1",-1.87593922268668,1.39608497874822,0.972903002042005,NA,5.50533153593236,66.642026,"Anablepidae","Anableps,Jenynsia,Oxyzygonectes","1_2",-2.17497494639699,2.61382695394024,NA,NA,2.83321334405622,66.642026,1,2.67211819187615,0.299035723710313,-1.21774197519201,NA,NA,0.0366310171184695,0.327326802345566,-0.149169893769448,NA,NA,0.0366310171184695,8.16345674331652,5.87211778947542,2.83321334405622,1,3.0389044454192,0.299035723710313,0.372257064742478,0.0366310171184695
"2",2,"Goodeidae","Allodontichthys,Alloophorus,Allotoca,Ameca,Ataeniobius,Chapalichthys,Characodon,Crenichthys,Empetrichthys,Girardinichthys,Goodea,Hubbsina,Ilyodon,Skiffia,Xenoophorus,Xenotaenia,Xenotoca,Zoogoneticus","2_1",-2.39131795088202,1.77648030511772,0.231049060186648,NA,4.00733318523247,41.294324,"Profundulidae","Profundulus","2_2",-2.53304282785297,2.16426349862303,NA,NA,2.07944154167984,41.294324,1,1.92789164355264,0.141724876970954,-0.387783193505312,NA,NA,0.0220546874832206,0.300011180879556,-0.0603453488674233,NA,NA,0.0220546874832206,6.42606598160959,4.00733318523247,2.07944154167984,1,1.92789164355264,0.141724876970954,0.300011180879556,0.0220546874832206
"3",3,"Nothobranchiidae","Aphyosemion,Archiaphyosemion,Callopanchax,Epiplatys,Episemion,Fenerbahce,Fundulopanchax,Nimbapanchax,Nothobranchius,Pronothobranchius,Scriptaphyosemion","3_1",-1.12191366947038,1.67362634997524,NA,NA,5.54907608489522,81.356858,"Aplocheilidae","Aplocheilus,Pachypanchax","3_2",-1.26830512450216,2.14070240356946,NA,NA,2.63905732961526,81.356858,1,2.91001875527996,0.146391455031789,-0.46707605359422,NA,NA,0.016230004621877,0.322625510059222,-0.0517833947818616,NA,NA,0.016230004621877,9.01980365639962,5.55295958492162,2.63905732961526,1,2.91390225530636,0.146391455031789,0.323056062671489,0.016230004621877
"4",4,"Exocoetidae,Hemiramphidae","Cheilopogon,Cypselurus,Euleptorhamphus,Exocoetus,Fodiator,Hemiramphus,Hirundichthys,Oxyporhamphus,Parexocoetus,Prognichthys","4_1",-2.1926998294648,3.2638658573729,2.50044093526647,1.22860420979478,4.4188406077966,66.363335,"Hemiramphidae","Arrhamphus,Chriodorus,Hyporhamphus","4_2",-2.27178434384133,3.38031759596183,2.04717228111105,1.6659544200217,3.76120011569356,66.363335,1,0.657640492103036,0.0790845143765306,-0.116451738588923,0.453268654155417,-0.43735021022692,0.00970794597403995,0.0807280466727119,-0.0142949248119779,0.0556405718737326,-0.0536865181014242,0.00970794597403995,8.14636943674911,4.51491719701053,3.67958640720234,1,0.835330789808185,0.0790845143765306,0.102540253826437,0.00970794597403995
"5",5,"Belonidae","Ablennes,Belone,Belonion,Cololabis,Petalichthys,Platybelone,Potamorrhaphis,Pseudotylosurus,Scomberesox,Strongylura,Tylosurus,Xenentodon","5_1",-2.51344193600082,3.69475600310491,1.55105659041549,2.24300718885471,3.95124371858143,56.5678,"Zenarchopteridae","Dermogenys,Hemirhamphodon,Nomorhamphus,Zenarchopterus","5_2",-1.57658841397238,2.57211648602734,NA,0.700642423896351,4.0943445622221,56.5678,-1,0.143100843640673,0.936853522028443,-1.12263951707757,NA,-1.54236476495835,0.124562423535761,0.0190264406065318,-0.149264208028406,NA,-0.205070150863504,0.124562423535761,7.52115682591448,3.95124371858143,4.11087386417331,-1,0.159630145591884,0.936853522028443,0.0212241479983333,0.124562423535761
"6",6,"Melanotaeniidae","Chilatherina,Glossolepis,Iriatherina,Melanotaenia,Rhadinocentrus","6_1",-2.64155344231414,1.93544962687935,0.764126531454661,NA,4.35670882668959,46.680138,"Melanotaeniidae,Telmatherinidae,Pseudomugilidae","Cairnsichthys,Marosatherina,Paratherina,Pseudomugil,Telmatherina,Tominanga","6_2",-2.49238453964396,2.02399186897328,2.99573227355399,NA,3.49650756146648,46.680138,1,0.860201265223111,-0.149168902670181,-0.0885422420939328,-2.23160574209933,NA,-0.021832940403962,0.12590240072057,-0.0129593867104075,-0.326626490510034,NA,0.021832940403962,6.83228644013115,4.544783035973,3.58351893845611,1,0.961264097516886,-0.149168902670181,0.14069434967929,-0.021832940403962
"7",7,"Bedotiidae","Bedotia,Rheocles","7_1",-2.67962310696194,1.99642831784973,NA,NA,2.77258872223978,49.864166,"Atherinidae,Isonidae","Atherina,Iso","7_2",-1.94536529751388,2.44672265223807,NA,3.04786485624451,2.30258509299405,49.864166,1,0.470003629245735,-0.734257809448062,-0.450294334388342,NA,NA,-0.103981072948224,0.0665590219534301,-0.0637679128907084,NA,NA,0.103981072948224,7.06145636536827,2.77881927199042,2.31648799816304,1,0.46233127382738,-0.734257809448062,0.0654725101885224,-0.103981072948224
"8",8,"Cichlidae","Acarichthys,Acaronia,Aequidens,Alcolapia,Alticorpus,Altolamprologus,Amatitlania,Amphilophus,Andinoacara,Apistogramma,Apistogrammoides,Archocentrus,Aristochromis,Astatoreochromis,Astatotilapia,Astronotus,Aulonocara,Aulonocranus,Australoheros,Baileychromis,Bathybates,Benitochromis,Benthochromis,Biotodoma,Biotoecus,Boulengerochromis,Buccochromis,Bujurquina,Callochromis,Caquetaia,Cardiopharynx,Chaetobranchopsis,Chaetobranchus,Chalinochromis,Champsochromis,Cheilochromis,Chetia,Chilochromis,Chilotilapia,Chromidotilapia,Cichla,Cichlasoma,Cleithracara,Coelotilapia,Congochromis,Congolapia,Copadichromis,Coptodon,Crenicara,Crenicichla,Cryptoheros,Ctenochromis,Ctenopharynx,Cunningtonia,Cyathochromis,Cyathopharynx,Cyclopharynx,Cynotilapia,Cyphotilapia,Cyprichromis,Cyrtocara,Dicrossus,Dimidiochromis,Diplotaxodon,Docimodus,Eclectochromis,Ectodus,Eretmodus,Etia,Etroplus,Fossorochromis,Genyochromis,Geophagus,Gnathochromis,Gobiocichla,Grammatotria,Greenwoodochromis,Guianacara,Gymnogeophagus,Haplochromis,Haplotaxodon,Hemibates,Hemichromis,Hemitilapia,Herichthys,Heroina,Heros,Heterochromis,Heterotilapia,Hoplarchus,Hypselecara,Hypsophrys,Interochromis,Iranocichla,Julidochromis,Katria,Konia,Krobia,Labeotropheus,Labidochromis,Laetacara,Lamprologus,Lepidiolamprologus,Lestradea,Lethrinops,Limnochromis,Limnotilapia,Lobochilotes,Maylandia,Mazarunia,Mchenga,Melanochromis,Mesonauta,Mikrogeophagus,Myaka,Mylochromis,Nandopsis,Nannacara,Nanochromis,Neolamprologus,Nimbochromis,Nyassachromis,Ophthalmotilapia,Oreochromis,Orthochromis,Otopharynx,Oxylapia,Pallidochromis,Parachromis,Paracyprichromis,Paraneetroplus,Paratilapia,Paretroplus,Pelmatochromis,Pelmatolapia,Pelvicachromis,Perissodus,Petenia,Petrochromis,Petrotilapia,Pharyngochromis,Placidochromis,Plecodus,Protomelas,Pseudocrenilabrus,Pseudosimochromis,Pseudotropheus,Pterochromis,Pterophyllum,Ptychochromis,Ptychochromoides,Pungu,Reganochromis,Retroculus,Rhamphochromis,Rocio,Sargochromis,Sarotherodon,Satanoperca,Schwetzochromis,Sciaenochromis,Serranochromis,Simochromis,Spathodus,Steatocranus,Stigmatochromis,Stomatepia,Symphysodon,Taeniacara,Taeniolethrinops,Tahuantinsuyoa,Tanganicodus,Teleocichla,Teleogramma,Telmatochromis,Theraps,Thoracochromis,Thorichthys,Thysochromis,Tilapia,Tomocichla,Tramitichromis,Trematocara,Trematocranus,Triglachromis,Tristramella,Tropheops,Tropheus,Tylochromis,Tyrannochromis,Uaru,Variabilichromis,Xenochromis,Xenotilapia","8_1",-0.959490551180374,2.68042790379517,2.95350012549206,3.65432763377015,7.39817409297047,98.738035,"Pholidichthyidae","Pholidichthys","8_2",-1.23981762223132,3.52636052461616,3.40119738166216,0.776529503053994,0.693147180559945,98.738035,1,6.70502691241052,0.280327071050947,-0.845932620820987,-0.447697256170095,2.87779813071616,0.028211280520435,0.674773914677334,-0.0851321364643743,-0.0450549168679758,0.289613022539881,0.028211280520435,9.93670141445339,7.41697962138115,0.693147180559945,1,6.72383244082121,0.280327071050947,0.676666446980191,0.028211280520435
"9",9,"Chaenopsidae,Dactyloscopidae,Labrisomidae","Acanthemblemaria,Chaenopsis,Cirriemblemaria,Coralliozetus,Dactyloscopus,Dialommus,Ekemblemaria,Emblemaria,Emblemariopsis,Exerpes,Gillellus,Hemiemblemaria,Labrisomus,Lucayablennius,Malacoctenus,Paraclinus,Platygillellus,Protemblemaria,Starksia,Stathmonotus,Xenomedea","9_1",-1.38425843502462,1.76441726913442,2.79463737185137,2.64087649267869,5.42053499927229,45.438167,"Labrisomidae,Chaenopsidae","Alloclinus,Auchenionchus,Mccoskerichthys,Neoclinus","9_2",-1.86373678975597,2.72082907630357,3.86115904030706,3.03873180758072,2.77258872223978,45.438167,1,2.64794627703251,0.479478354731343,-0.956411807169148,-1.06652166845569,-0.397855314902027,0.0711309492989099,0.392824682322462,-0.141884360562524,-0.1582192355015,-0.0590221142484203,0.0711309492989099,6.74078385649622,5.47348841931315,3.04213864636815,1,2.431349772945,0.479478354731343,0.360692439441129,0.0711309492989099
"10",10,"Pomacentridae,Chaenopsidae,Blenniidae,Labrisomidae,Embiotocidae,Gobiesocidae,Tripterygiidae,Clinidae,Dactyloscopidae,Grammatidae,Pseudochromidae,Opistognathidae,Plesiopidae","Abudefduf,Acanthemblemaria,Acanthochromis,Aidablennius,Alloclinus,Alticus,Altrichthys,Amblyglyphidodon,Amblypomacentrus,Amphiprion,Amphistichus,Andamia,Apletodon,Aspasma,Atrosalarias,Auchenionchus,Axoclinus,Azurina,Blenniella,Blennioclinus,Blennius,Blennophis,Brachyistius,Calliclinus,Cancelloxus,Chaenopsis,Chasmodes,Cheiloprion,Chromis,Chrysiptera,Cirriemblemaria,Cirripectes,Clinitrachus,Clinus,Coralliozetus,Coryphoblennius,Cremnochorites,Cristiceps,Cymatogaster,Dactyloscopus,Dascyllus,Diademichthys,Dialommus,Diplecogaster,Dischistodus,Discotrema,Ditrema,Ecsenius,Ekemblemaria,Embiotoca,Emblemaria,Emblemariopsis,Enneanectes,Enneapterygius,Entomacrodus,Exerpes,Forsterygion,Gibbonsia,Gillellus,Gobiesox,Gouania,Gramma,Helcogramma,Hemiemblemaria,Hemiglyphidodon,Heteroclinus,Heterostichus,Hyperprosopon,Hypleurochilus,Hypsoblennius,Hypsurus,Hypsypops,Hysterocarpus,Istiblennius,Karalepis,Labracinus,Labrisomus,Lepadichthys,Lepadogaster,Lepidonectes,Lepidozygus,Lipogramma,Lipophrys,Lonchopisthus,Lucayablennius,Malacoctenus,Mccoskerichthys,Mecaenichthys,Meiacanthus,Microlipophrys,Micrometrus,Microspathodon,Muraenoclinus,Myxodes,Nannosalarias,Neoclinus,Neoditrema,Neoglyphidodon,Neopomacentrus,Notoclinus,Ogilbyina,Omobranchus,Opeatogenys,Ophiclinus,Ophioblennius,Opistognathus,Parablennius,Paraclinus,Parma,Pavoclinus,Petroscirtes,Phanerodon,Pholidochromis,Plagiotremus,Platygillellus,Plectroglyphidodon,Plesiops,Pomacentrus,Pomachromis,Praealticus,Premnas,Pristotis,Protemblemaria,Pseudochromis,Pseudoplesiops,Rhabdoblennius,Rhacochilus,Ruanoho,Salaria,Salarias,Scartella,Similiparma,Starksia,Stathmonotus,Stegastes,Sticharium,Teixeirichthys,Tomicodon,Tripterygion,Xenomedea,Xiphasia,Zalembius","10_1",-1.60637510761303,2.28187696575356,2.91962931748277,2.4275658444816,7.29233717617388,70.391694,"Pomacentridae,Chaenopsidae,Blenniidae,Labrisomidae,Embiotocidae,Gobiesocidae,Tripterygiidae,Clinidae,Dactyloscopidae,Grammatidae,Pseudochromidae,Opistognathidae,Plesiopidae","Abudefduf,Acanthemblemaria,Acanthochromis,Aidablennius,Alloclinus,Alticus,Altrichthys,Amblyglyphidodon,Amblypomacentrus,Amphiprion,Amphistichus,Andamia,Apletodon,Aspasma,Atrosalarias,Auchenionchus,Axoclinus,Azurina,Blenniella,Blennioclinus,Blennius,Blennophis,Brachyistius,Calliclinus,Cancelloxus,Chaenopsis,Chasmodes,Cheiloprion,Chromis,Chrysiptera,Cirriemblemaria,Cirripectes,Clinitrachus,Clinus,Coralliozetus,Coryphoblennius,Cremnochorites,Cristiceps,Cymatogaster,Dactyloscopus,Dascyllus,Diademichthys,Dialommus,Diplecogaster,Dischistodus,Discotrema,Ditrema,Ecsenius,Ekemblemaria,Embiotoca,Emblemaria,Emblemariopsis,Enneanectes,Enneapterygius,Entomacrodus,Exerpes,Forsterygion,Gibbonsia,Gillellus,Gobiesox,Gouania,Gramma,Helcogramma,Hemiemblemaria,Hemiglyphidodon,Heteroclinus,Heterostichus,Hyperprosopon,Hypleurochilus,Hypsoblennius,Hypsurus,Hypsypops,Hysterocarpus,Istiblennius,Karalepis,Labracinus,Labrisomus,Lepadichthys,Lepadogaster,Lepidonectes,Lepidozygus,Lipogramma,Lipophrys,Lonchopisthus,Lucayablennius,Malacoctenus,Mccoskerichthys,Mecaenichthys,Meiacanthus,Microlipophrys,Micrometrus,Microspathodon,Muraenoclinus,Myxodes,Nannosalarias,Neoclinus,Neoditrema,Neoglyphidodon,Neopomacentrus,Notoclinus,Ogilbyina,Omobranchus,Opeatogenys,Ophiclinus,Ophioblennius,Opistognathus,Parablennius,Paraclinus,Parma,Pavoclinus,Petroscirtes,Phanerodon,Pholidochromis,Plagiotremus,Platygillellus,Plectroglyphidodon,Plesiops,Pomacentrus,Pomachromis,Praealticus,Premnas,Pristotis,Protemblemaria,Pseudochromis,Pseudoplesiops,Rhabdoblennius,Rhacochilus,Ruanoho,Salaria,Salarias,Scartella,Similiparma,Starksia,Stathmonotus,Stegastes,Sticharium,Teixeirichthys,Tomicodon,Tripterygion,Xenomedea,Xiphasia,Zalembius","10_2",-1.52715310476172,2.28187696575356,2.91962931748277,2.4275658444816,7.29233717617388,70.391694,-1,0,0.0792220028513195,0,0,0,0.00944245903651857,0,0,0,0,0.00944245903651857,8.38997580449431,4.32001824338994,3.89528368142385,1,0.424734561966088,-0.0792220028513195,0.0506240508749224,-0.00944245903651857
"11",14,"Paralichthyidae,Pleuronectidae,Scophthalmidae","Ancylopsetta,Atheresthes,Citharichthys,Cleisthenes,Clidoderma,Dexistes,Embassichthys,Eopsetta,Etropus,Gastropsetta,Glyptocephalus,Hippoglossina,Hippoglossoides,Hippoglossus,Hypsopsetta,Isopsetta,Kareius,Lepidopsetta,Lepidorhombus,Limanda,Liopsetta,Lyopsetta,Microstomus,Paralichthys,Parophrys,Phrynorhombus,Platichthys,Pleuronectes,Pleuronichthys,Psettichthys,Pseudopleuronectes,Pseudorhombus,Reinhardtius,Scophthalmus,Tanakius,Tarphops,Verasper,Xystreurys,Zeugopterus","14_1",-2.23152103456304,3.79485348291794,5.79690235505811,3.64792718040527,5.11799381241676,71.406897,"Paralichthyidae,Pleuronectidae,Scophthalmidae","Ancylopsetta,Atheresthes,Citharichthys,Cleisthenes,Clidoderma,Dexistes,Embassichthys,Eopsetta,Etropus,Gastropsetta,Glyptocephalus,Hippoglossina,Hippoglossoides,Hippoglossus,Hypsopsetta,Isopsetta,Kareius,Lepidopsetta,Lepidorhombus,Limanda,Liopsetta,Lyopsetta,Microstomus,Paralichthys,Parophrys,Phrynorhombus,Platichthys,Pleuronectes,Pleuronichthys,Psettichthys,Pseudopleuronectes,Pseudorhombus,Reinhardtius,Scophthalmus,Tanakius,Tarphops,Verasper,Xystreurys,Zeugopterus","14_2",-1.03796060839423,3.79485348291794,5.79690235505811,3.64792718040527,5.11799381241676,71.406897,-1,0,1.19356042616881,0,0,0,0.141245405663423,0,0,0,0,0.141245405663423,8.45026017350945,4.48897339158558,4.64342889810518,-1,0.154455506519602,1.19356042616881,0.01827819538667,0.141245405663423
"12",15,"Sphyraenidae","Sphyraena","15_1",-2.6651056607769,4.37972009485685,4.1219444618106,1.13224456519129,3.29583686600433,67.903477,"Lactariidae","Lactarius","15_2",-2.14056828954046,3.68887945411394,4.60517018598809,0.301371059901557,0,67.903477,1,3.29583686600433,-0.524537371236442,0.69084064074291,-0.483225724177494,0.830873505289732,-0.0636546931514498,0.399962892802491,0.0838362553641932,-0.0586413607154412,0.100829799604587,0.0636546931514498,8.24035660636116,3.29583686600433,0.215111379616945,1,3.08072548638738,-0.524537371236442,0.373858272590923,-0.0636546931514498
"13",16,"Coryphaenidae","Coryphaena","16_1",-1.46094032411858,5.16432862195931,5.21705790179915,0.108798915031093,0.693147180559945,39.083682,"Rachycentridae","Rachycentron","16_2",-1.58969901265867,5.29831736654804,7.09007683577609,1.08627124312857,0,39.083682,1,0.693147180559945,0.128758688540088,-0.133988744588723,-1.87301893397694,-0.977472328097477,0.0205958067903639,0.110873491878208,-0.0214323889666955,-0.299601809526603,-0.156353186264048,0.0205958067903639,6.25169433033958,0.783901543828409,0.285178942233662,1,0.498722601594747,0.128758688540088,0.0797739900964828,0.0205958067903639
"14",17,"Istiophoridae","Istiompax,Istiophorus,Kajikia,Makaira,Tetrapturus","17_1",-1.98425500588275,5.8997227281948,5.84530198425614,0.623916910573243,2.39789527279837,39.574461,"Xiphiidae","Xiphias","17_2",-2.70543861426572,6.12029741895095,7.96485088744731,0.948133742165563,0,39.574461,1,2.39789527279837,0.721183608382971,-0.220574690756149,-2.11954890319118,-0.32421683159232,0.11464057163248,0.381173506431734,-0.0350629275846137,-0.336927094626643,-0.0515380583731703,0.11464057163248,6.29082355498865,2.39789527279837,0,1,2.39789527279837,0.721183608382971,0.381173506431734,0.11464057163248
"15",19,"Anabantidae","Anabas,Ctenopoma,Microctenopoma,Sandelia","19_1",-1.30152683301064,2.65245228027572,NA,NA,3.49650756146648,68.354933,"Helostomatidae","Helostoma","19_2",-1.43245139502158,NA,NA,NA,0,68.354933,1,3.49650756146648,0.130924562010938,NA,NA,NA,0.0158356610969093,0.422911544753062,NA,NA,NA,0.0158356610969093,8.2677042158026,3.49650756146648,0,1,3.49650756146648,0.130924562010938,0.422911544753062,0.0158356610969093
"16",20,"Badidae","Badis,Dario","20_1",-2.27628401857468,1.11106032215739,0.346573590279973,NA,3.04452243772342,58.97277,"Nandidae,Pristolepididae","Nandus,Pristolepis","20_2",-2.56901460941237,2.66130567448825,NA,NA,2.39789527279837,58.97277,1,0.646627164925052,0.2927305908377,-1.55024535233086,NA,NA,0.0381190743080762,0.0842031195949211,-0.201871343928021,NA,NA,0.0381190743080762,7.6793730212824,3.04452243772342,2.56494935746154,1,0.479573080261886,0.2927305908377,0.0624495097363822,0.0381190743080762
"17",22,"Gobiidae,Kraemeriidae,Schindleriidae","Acentrogobius,Afurcagobius,Amblyeleotris,Amblygobius,Aphia,Arenigobius,Aruma,Asterropteryx,Awaous,Babka,Barbulifer,Bathygobius,Benthophilus,Bollmannia,Bryaninops,Buenia,Cabillus,Caffrogobius,Callogobius,Caspiosoma,Cerdale,Chromogobius,Coryphopterus,Croilia,Cryptocentrus,Crystallogobius,Ctenogobiops,Deltentosteus,Drombus,Economidichthys,Elacatinus,Eviota,Exyrias,Favonigobius,Fusigobius,Ginsburgellus,Glossogobius,Gobiodon,Gobiopterus,Gobiosoma,Gobius,Gobiusculus,Gunnellichthys,Istigobius,Knipowitschia,Kraemeria,Lesueurigobius,Lophogobius,Lythrypnus,Mahidolia,Mesogobius,Microdesmus,Microgobius,Millerigobius,Myersina,Nemateleotris,Neogobius,Nes,Ophiogobius,Oplopomus,Padogobius,Paragobiodon,Pleurosicya,Pomatoschistus,Ponticola,Priolepis,Proterorhinus,Psammogobius,Pseudaphya,Psilotris,Ptereleotris,Rhinogobiops,Risor,Schindleria,Signigobius,Stonogobiops,Thorogobius,Tigrigobius,Tomiyamichthys,Tridentiger,Trimma,Trimmatom,Valenciennea,Vanderhorstia,Yongeichthys,Zebrus,Zosterisessor","22_1",-0.720342691832591,1.96336491451081,3.06805130625488,1.97952516815723,6.85856503479136,64.699699,"Gobiidae","Acanthogobius,Akihito,Amblychaeturichthys,Astrabe,Awaous,Boleophthalmus,Brachygobius,Caragobius,Chaenogobius,Chaeturichthys,Clariger,Clevelandia,Cotylopus,Ctenogobius,Eucyclogobius,Eutaeniichthys,Evorthodus,Favonigobius,Gillichthys,Gnatholepis,Gobionellus,Gymnogobius,Lentipes,Lepidogobius,Lethops,Luciogobius,Mugilogobius,Odontamblyopus,Oligolepis,Oxyurichthys,Pandaka,Paratrypauchen,Parioglossus,Periophthalmus,Pseudapocryptes,Pseudogobiopsis,Pseudogobius,Pterogobius,Quietula,Redigobius,Rhinogobius,Sagamia,Scartelaos,Sicydium,Sicyopterus,Sicyopus,Smilosicyopus,Stenogobius,Stiphodon,Synechogobius,Taenioides,Tridentiger,Typhlogobius","22_2",-1.34483156633099,2.09853921110746,2.31275276511594,2.11407081960562,6.27287700654617,64.699699,1,0.585688028245198,0.624488874498398,-0.135174296596653,0.755298541138938,-0.134545651448397,0.0776378634871615,0.0728140548852678,-0.0168051730218149,0.0939004158818646,-0.0167270184410125,0.0776378634871615,8.04361231039885,7.05817328676308,6.34836946460077,1,0.709803822162314,0.624488874498398,0.0882444099456004,0.0776378634871615
"18",23,"Odontobutidae,Rhyacichthyidae","Micropercops,Odontobutis,Perccottus,Rhyacichthys","23_1",-2.31739420864775,3.05877374307819,NA,NA,2.70805020110221,76.809672,"Odontobutidae,Rhyacichthyidae","Micropercops,Odontobutis,Perccottus,Rhyacichthys","23_2",-2.20998768032658,3.05877374307819,NA,NA,2.70805020110221,76.809672,-1,0,0.107406528321174,0,NA,NA,0.0122552654890513,0,0,NA,NA,0.0122552654890513,8.7641127331864,2.67827804276854,1.69377906086785,1,0.984498981900689,-0.107406528321174,0.112332989302244,-0.0122552654890513
"19",25,"Syngnathidae","Bryx,Choeroichthys,Corythoichthys,Cosmocampus,Doryrhamphus,Dunckerocampus,Enneacampus,Entelurus,Festucalex,Halicampus,Haliichthys,Hippichthys,Hippocampus,Hypselognathus,Idiotropiscis,Kaupus,Maroubra,Microphis,Nerophis,Penetopteryx,Phycodurus,Phyllopteryx,Pugnaso,Solegnathus,Stigmatopora,Syngnathoides,Syngnathus,Trachyrhamphus,Vanacampus","25_1",-0.70380072861238,2.82997276236573,3.40407085887248,2.33333885522214,5.40717177146012,95.161939,"Centriscidae","Aeoliscus,Macroramphosus,Notopogon","25_2",-0.923961325803379,2.81677106544216,5.46882219954767,1.77749056800898,2.19722457733622,95.161939,1,3.2099471941239,0.220160597190999,0.0132016969235687,-2.06475134067518,0.555848287213161,0.0225687732573714,0.329053297077809,0.00135331257401195,-0.211658695675345,0.0569802867528057,0.0225687732573714,9.75509810304335,5.70044357339069,2.484906649788,1,3.21553692360269,0.220160597190999,0.32962630305066,0.0225687732573714
"20",26,"Champsodontidae,Mullidae","Champsodon,Mulloidichthys,Mullus,Parupeneus,Pseudupeneus,Upeneichthys,Upeneus","26_1",-1.26083949601505,3.27535878525603,4.84475028479693,2.11038558399419,4.56434819146784,87.527546,"Callionymidae","Bathycallionymus,Callionymus,Dactylopus,Diplogrammus,Draculo,Foetorepus,Synchiropus,Tonlesapia","26_2",-0.497817267172754,2.39909124855687,4.85948385320617,1.23711388243396,5.14749447681345,87.527546,-1,0.583146285345617,0.763022228842293,-0.876267536699165,0.0147335684092367,-0.873271701560236,0.0815576707616494,0.062331149668153,-0.0936621982372196,0.00157483684752928,-0.0933419803894544,0.0815576707616494,9.35561574670529,4.57130311647651,5.30826769740121,-1,0.736964580924691,0.763022228842293,0.0787724294025461,0.0815576707616494
"21",27,"Scombridae","Acanthocybium,Allothunnus,Auxis,Cybiosarda,Euthynnus,Gasterochisma,Grammatorcynus,Gymnosarda,Katsuwonus,Rastrelliger,Sarda,Scomber,Scomberomorus,Thunnus","27_1",-1.73745311865673,4.66993573177791,4.80679936086284,1.90308547934218,3.97029191355212,63.198604,"Icosteidae","Icosteus","27_2",-2.9350888283853,5.36129216570943,7.25841215059531,3.87872701178527,0,63.198604,1,3.97029191355212,1.19763570972857,-0.691356433931515,-2.45161278973246,-1.97564153244309,0.150650644584004,0.499423181109757,-0.0869657539125031,-0.308388472423963,-0.24851602863189,0.150650644584004,7.94975496477722,3.98898404656427,1.28370777234479,1,2.70527627421948,1.19763570972857,0.340296812443363,0.150650644584004
"22",28,"Nomeidae","Cubiceps,Psenes","28_1",-2.62968043046936,3.76053668199854,6.0932209129288,1.85078702907969,2.70805020110221,52.391104,"Ariommatidae","Ariomma","28_2",-2.69821621365034,3.3404235293975,6.10510674276485,1.94108844476399,2.07944154167984,52.391104,1,0.628608659422374,0.0685357831809736,0.420113152601036,-0.0118858298360482,-0.0903014156842992,0.00946866180286297,0.0868463527542194,0.0580413497341939,-0.00164210428101101,-0.0124757247345755,0.00946866180286297,7.23816993445166,2.77321352700862,2.08318452795867,1,0.690028999049953,0.0685357831809736,0.0953319700005395,0.00946866180286297
"23",29,"Scombridae,Trichiuridae,Ariommatidae,Bramidae,Nomeidae,Gempylidae,Icosteidae,Stromateidae,Tetragonuridae","Acanthocybium,Allothunnus,Aphanopus,Ariomma,Assurger,Auxis,Benthodesmus,Brama,Cubiceps,Cybiosarda,Diplospinus,Euthynnus,Evoxymetopon,Gasterochisma,Gempylus,Grammatorcynus,Gymnosarda,Icosteus,Katsuwonus,Lepidopus,Lepturacanthus,Nealotus,Neoepinnula,Nesiarchus,Pampus,Paradiplospinus,Peprilus,Promethichthys,Psenes,Pterycombus,Rastrelliger,Rexea,Ruvettus,Sarda,Scomber,Scomberomorus,Stromateus,Taractes,Taractichthys,Tetragonurus,Thunnus,Thyrsites,Trichiurus,Xenobrama","29_1",-1.77718223525683,4.40513059805498,5.86176256814981,1.7149926591599,5.12396397940326,68.884826,"Scombridae,Trichiuridae,Ariommatidae,Bramidae,Nomeidae,Gempylidae,Icosteidae,Stromateidae,Tetragonuridae","Acanthocybium,Allothunnus,Aphanopus,Ariomma,Assurger,Auxis,Benthodesmus,Brama,Cubiceps,Cybiosarda,Diplospinus,Euthynnus,Evoxymetopon,Gasterochisma,Gempylus,Grammatorcynus,Gymnosarda,Icosteus,Katsuwonus,Lepidopus,Lepturacanthus,Nealotus,Neoepinnula,Nesiarchus,Pampus,Paradiplospinus,Peprilus,Promethichthys,Psenes,Pterycombus,Rastrelliger,Rexea,Ruvettus,Sarda,Scomber,Scomberomorus,Stromateus,Taractes,Taractichthys,Tetragonurus,Thunnus,Thyrsites,Trichiurus,Xenobrama","29_2",-3.73550995204225,4.40513059805498,5.86176256814981,1.7149926591599,5.12396397940326,68.884826,-1,0,-1.95832771678542,0,0,0,-0.235951959188548,0,0,0,0,0.235951959188548,8.29968830740047,3.78418963391826,3.6307205399404,1,0.153469093977857,1.95832771678542,0.0184909466830237,0.235951959188548
"24",30,"Arripidae","Arripis","30_1",-2.82304026573588,4.10110421821822,3.66356164612965,3.56645876261135,1.38629436111989,61.35623,"Gempylidae,Pomatomidae","Lepidocybium,Pomatomus","30_2",-2.89440387596957,5.08292590850181,6.15069141266725,1.42665686234713,0.693147180559945,61.35623,1,0.693147180559945,0.0713636102336888,-0.981821690283586,-2.4871297665376,2.13980190026422,0.00911061048440769,0.0884903937702683,-0.125343924670081,-0.31751855676723,0.273177065499689,0.00911061048440769,7.83302176685345,1.47704872438835,1.78842056796254,-1,0.311371843574186,-0.0713636102336888,0.0397511781330418,-0.00911061048440769
"25",31,"Liparidae","Acantholiparis,Careproctus,Crystallichthys,Edentoliparis,Elassodiscus,Liparis,Lipariscus,Nectoliparis,Paraliparis,Psednos,Rhinoliparis,Rhodichthys","31_1",-2.31478926183295,2.41463099872314,7.0999129501983,3.99851378183926,5.89440283426485,39.605163,"Cyclopteridae","Aptocyclus,Cyclopterus,Eumicrotremus","31_2",-3.4171743361853,3.47183460812393,6.87829015397168,4.01022197725959,2.83321334405622,39.605163,1,3.06118949020863,1.10238507435234,-1.05720360940079,0.221622796226622,-0.0117081954203262,0.175169069096342,0.486423234315276,-0.167989731004685,0.035215878560723,-0.00186043311025552,0.175169069096342,6.29326330292957,5.99018873360393,3.33825758188828,1,2.65193115171565,1.10238507435234,0.421392054338669,0.175169069096342
"26",32,"Anarhichadidae,Zoarcidae,Stichaeidae","Anarhichas,Anarrhichthys,Austrolycus,Bilabria,Bothrocara,Bothrocarina,Davidijordania,Eucryphycus,Gymnelopsis,Gymnelus,Hadropareia,Iluocoetes,Leptostichaeus,Lycenchelys,Lycodapus,Lycodes,Lycodichthys,Lycogrammoides,Lycozoarces,Magadanichthys,Melanostigma,Neozoarces,Oidiphorus,Ophthalmolycus,Pachycara,Seleniolycus,Zoarces,Zoarchias","32_1",-3.23447181249276,3.28730252562149,6.03333112389103,3.89638290157427,5.52942908751142,22.992033,"Anarhichadidae,Zoarcidae,Stichaeidae","Anarhichas,Anarrhichthys,Austrolycus,Bilabria,Bothrocara,Bothrocarina,Davidijordania,Eucryphycus,Gymnelopsis,Gymnelus,Hadropareia,Iluocoetes,Leptostichaeus,Lycenchelys,Lycodapus,Lycodes,Lycodichthys,Lycogrammoides,Lycozoarces,Magadanichthys,Melanostigma,Neozoarces,Oidiphorus,Ophthalmolycus,Pachycara,Seleniolycus,Zoarces,Zoarchias","32_2",-4.92965456496398,3.28730252562149,6.03333112389103,3.89638290157427,5.52942908751142,22.992033,-1,0,-1.69518275247122,0,0,0,-0.353531273734024,0,0,0,0,0.353531273734024,4.79500083420222,5.39353663312897,1.61740608208328,1,3.77613055104569,1.69518275247122,0.787514055078148,0.353531273734024
"27",33,"Pholidae,Stichaeidae,Ptilichthyidae","Apodichthys,Askoldia,Kasatkia,Opisthocentrus,Pholis,Ptilichthys,Rhodymenichthys","33_1",-3.4129461286967,3.23752970700226,4.43443001015875,3.84153140638128,3.04452243772342,25.302285,"Pholidae,Stichaeidae,Ptilichthyidae","Apodichthys,Askoldia,Kasatkia,Opisthocentrus,Pholis,Ptilichthys,Rhodymenichthys","33_2",-3.4110962138414,3.23752970700226,4.43443001015875,3.84153140638128,3.04452243772342,25.302285,-1,0,0.00184991485530039,0,0,0,0.00036776624734772,0,0,0,0,0.00036776624734772,5.03013767207221,3.48492559719287,1.1999647829284,1,2.28496081426447,-0.00184991485530039,0.454254130448712,-0.00036776624734772
"28",34,"Hypoptychidae","Aulichthys,Hypoptychus","34_1",-2.62913274166769,2.42601513195981,NA,3.7853087726824,0.693147180559945,37.396016,"Aulorhynchidae","Aulorhynchus","34_2",-2.47014021224499,2.89037175789616,3.40119738166216,3.83068516485709,0,37.396016,1,0.693147180559945,-0.158992529422704,-0.464356625936356,NA,-0.0453763921746919,-0.0259994433717232,0.113347721019806,-0.075934472167676,NA,-0.00742022875566968,0.0259994433717232,6.11522820506316,0.693147180559945,0,1,0.693147180559945,-0.158992529422704,0.113347721019806,-0.0259994433717232
"29",35,"Sebastidae,Scorpaenidae","Adelosebastes,Brachypterois,Dendrochirus,Helicolenus,Hozukius,Neomerinthe,Pontinus,Pterois,Scorpaenodes,Sebastes,Sebastiscus,Sebastolobus,Trachyscorpia","35_1",-2.37174762172912,3.4402530578627,5.73159944575913,2.58147948054424,5.35185813347607,55.396417,"Scorpaenidae,Setarchidae","Caracanthus,Iracundus,Neomerinthe,Parascorpaena,Scorpaena,Scorpaenodes,Scorpaenopsis,Sebastapistes,Setarches,Taenianotus","35_2",-1.82056952185257,2.71531676494147,4.37860331192319,1.43881049623827,5.03695260241363,55.396417,1,0.314905531062437,-0.551178099876549,0.724936292921226,1.35299613383594,1.14266898430597,-0.0740544422588353,0.0423096517664151,0.0974000107360818,0.181784026056228,0.153525175144298,0.0740544422588353,7.44287693032741,5.33595028135489,4.6456401185418,1,0.690310162813083,-0.551178099876549,0.0927477599421648,-0.0740544422588353
"30",36,"Pataecidae,Apistidae,Aploactinidae,Tetrarogidae,Synanceiidae","Aetapcus,Apistus,Aploactisoma,Coccotropsis,Glyptauchen,Gymnapistes,Inimicus,Minous,Notesthes,Ocosia,Paracentropogon,Synanceia","36_1",-2.33790143812161,2.80282552010492,3.90281241302335,1.97101181080579,3.80666248977032,48.055448,"Pataecidae,Apistidae,Aploactinidae,Tetrarogidae,Synanceiidae","Aetapcus,Apistus,Aploactisoma,Coccotropsis,Glyptauchen,Gymnapistes,Inimicus,Minous,Notesthes,Ocosia,Paracentropogon,Synanceia","36_2",-2.78788105621808,2.80282552010492,3.90281241302335,1.97101181080579,3.80666248977032,48.055448,-1,0,-0.449979618096471,0,0,0,-0.0649114824401287,0,0,0,0,0.0649114824401287,6.93220369002527,4.54212388427046,2.28543893415908,1,2.25668495011138,0.449979618096471,0.325536445698865,0.0649114824401287
"31",37,"Cottidae,Serranidae,Bathydraconidae,Liparidae,Stichaeidae,Sebastidae,Pataecidae,Nototheniidae,Agonidae,Platycephalidae,Anarhichadidae,Anoplopomatidae,Gasterosteidae,Apistidae,Aploactinidae,Pholidae,Cyclopteridae,Trichodontidae,Artedidraconidae,Psychrolutidae,Hypoptychidae,Aulorhynchidae,Zoarcidae,Bathymasteridae,Triglidae,Bovichtidae,Scorpaenidae,Channichthyidae,Tetrarogidae,Congiopodidae,Cryptacanthodidae,Eleginopsidae,Peristediidae,Harpagiferidae,Hexagrammidae,Hoplichthyidae,Synanceiidae,Jordaniidae,Ereuniidae,Neosebastidae,Normanichthyidae,Percophidae,Pseudaphritidae,Ptilichthyidae,Rhamphocottidae,Scorpaenichthyidae,Setarchidae,Zanclorhynchidae,Zaniolepididae,Zaproridae","Abyssocottus,Acanthistius,Acanthodraco,Acantholiparis,Acantholumpenus,Adelosebastes,Aetapcus,Aethaloperca,Aethotaxis,Agonopsis,Agonus,Akarotaxis,Alectrias,Alphestes,Ambiserrula,Anarhichas,Anarrhichthys,Anisarchus,Anoplagonus,Anoplarchus,Anoplopoma,Anthias,Anyperodon,Apeltes,Apistus,Aploactisoma,Apodichthys,Aporops,Aptocyclus,Arctoscopus,Artedidraco,Artediellus,Artedius,Askoldia,Aspidophoroides,Asprocottus,Aulichthys,Aulorhynchus,Austrolycus,Azygopterus,Baldwinella,Bathyagonus,Bathydraco,Bathymaster,Batrachocottus,Bellator,Belonoperca,Bilabria,Blepsias,Bothrocara,Bothrocarina,Bovichtus,Brachypterois,Bryozoichthys,Caracanthus,Careproctus,Cebidichthys,Centropristis,Cephalopholis,Chaenocephalus,Chaenodraco,Champsocephalus,Channichthys,Chelidonichthys,Chelidoperca,Chionobathyscus,Chionodraco,Chirolophis,Chitonotus,Clinocottus,Coccotropsis,Cociella,Comephorus,Congiopodus,Cottinella,Cottiusculus,Cottocomephorus,Cottoperca,Cottunculus,Cottus,Cromileptes,Cryodraco,Cryothenia,Cryptacanthodes,Crystallichthys,Culaea,Cyclopterus,Cygnodraco,Cymbacephalus,Cyphocottus,Dacodraco,Dasycottus,Davidijordania,Dendrochirus,Dermatolepis,Dictyosoma,Diplectrum,Diploprion,Dissostichus,Dolloidraco,Ebinania,Edentoliparis,Elassodiscus,Eleginops,Enophrys,Epinephelus,Erilepis,Ernogrammus,Esselenichthys,Eucryphycus,Eulophias,Eumesogrammus,Eumicrotremus,Eurymen,Eutrigla,Freemanichthys,Gargariscus,Gasterosteus,Gerlachea,Glyptauchen,Gobionotothen,Gracila,Grammistes,Grammistops,Gymnapistes,Gymnelopsis,Gymnelus,Gymnocanthus,Gymnodraco,Hadropareia,Harpagifer,Helicolenus,Hemanthias,Hemilepidotus,Hemitripterus,Hexagrammos,Histiodraco,Hoplichthys,Hozukius,Hypoplectrus,Hypoptychus,Hyporthodus,Hypsagonus,Icelinus,Icelus,Iluocoetes,Inegocia,Inimicus,Iracundus,Jordania,Kasatkia,Leiocottus,Leocottus,Lepidonotothen,Lepidotrigla,Leptagonus,Leptoclinus,Leptocottus,Leptostichaeus,Leviprora,Limnocottus,Lindbergichthys,Liopropoma,Liparis,Lipariscus,Lumpenella,Lumpenus,Luzonichthys,Lycenchelys,Lycodapus,Lycodes,Lycodichthys,Lycogrammoides,Lycozoarces,Magadanichthys,Malacocottus,Marukawichthys,Megalocottus,Meganthias,Melanostigma,Minous,Mycteroperca,Myoxocephalus,Nautichthys,Nectoliparis,Nemanthias,Neomerinthe,Neopagetopsis,Neosebastes,Neozoarces,Normanichthys,Notesthes,Notothenia,Ocosia,Odontanthias,Odontopyxis,Oidiphorus,Oligocottus,Onigocia,Ophiodon,Ophthalmolycus,Opisthocentrus,Orthonopias,Oxylebius,Pachycara,Pagetopsis,Pagothenia,Papilloculiceps,Paracentropogon,Parachaenichthys,Paracottus,Paralabrax,Paraliparis,Paranotothenia,Paranthias,Parascorpaena,Patagonotothen,Percophis,Peristedion,Pholis,Platycephalus,Plectropomus,Pleuragramma,Pleurogrammus,Podothecus,Pogonoperca,Pogonophryne,Pontinus,Poroclinus,Prionodraco,Prionotus,Procottus,Pronotogrammus,Psednos,Pseudanthias,Pseudaphritis,Pseudochaenichthys,Pseudogramma,Psilodraco,Psychrolutes,Pterois,Ptilichthys,Pungitius,Racovitzia,Radulinus,Rastrinus,Ratabulus,Rathbunella,Rhamphocottus,Rhinoliparis,Rhodichthys,Rhodymenichthys,Rogadius,Ronquilus,Ruscarius,Rypticus,Saloptia,Sarritor,Satyrichthys,Scalicus,Schultzea,Scorpaena,Scorpaenichthys,Scorpaenodes,Scorpaenopsis,Sebastapistes,Sebastes,Sebastiscus,Sebastolobus,Seleniolycus,Serranus,Setarches,Sorsogona,Spinachia,Stellerina,Stichaeopsis,Stichaeus,Suggrundus,Sunagocia,Suttonia,Synanceia,Taenianotus,Taurulus,Thysanophrys,Tilesina,Tosana,Trachidermus,Trachyscorpia,Trematomus,Trichocottus,Trichodon,Trigla,Trigloporus,Triglops,Triso,Ulcina,Ulvaria,Variola,Vomeridens,Xeneretmus,Xenolumpenus,Xiphister,Zalanthias,Zanclorhynchus,Zaniolepis,Zaprora,Zesticelus,Zoarces,Zoarchias","37_1",-3.73291493970369,3.19896901607937,5.43780663792689,3.20696828686487,7.71467747380093,86.801541,"Cottidae,Serranidae,Bathydraconidae,Liparidae,Stichaeidae,Sebastidae,Pataecidae,Nototheniidae,Agonidae,Platycephalidae,Anarhichadidae,Anoplopomatidae,Gasterosteidae,Apistidae,Aploactinidae,Pholidae,Cyclopteridae,Trichodontidae,Artedidraconidae,Psychrolutidae,Hypoptychidae,Aulorhynchidae,Zoarcidae,Bathymasteridae,Triglidae,Bovichtidae,Scorpaenidae,Channichthyidae,Tetrarogidae,Congiopodidae,Cryptacanthodidae,Eleginopsidae,Peristediidae,Harpagiferidae,Hexagrammidae,Hoplichthyidae,Synanceiidae,Jordaniidae,Ereuniidae,Neosebastidae,Normanichthyidae,Percophidae,Pseudaphritidae,Ptilichthyidae,Rhamphocottidae,Scorpaenichthyidae,Setarchidae,Zanclorhynchidae,Zaniolepididae,Zaproridae","Abyssocottus,Acanthistius,Acanthodraco,Acantholiparis,Acantholumpenus,Adelosebastes,Aetapcus,Aethaloperca,Aethotaxis,Agonopsis,Agonus,Akarotaxis,Alectrias,Alphestes,Ambiserrula,Anarhichas,Anarrhichthys,Anisarchus,Anoplagonus,Anoplarchus,Anoplopoma,Anthias,Anyperodon,Apeltes,Apistus,Aploactisoma,Apodichthys,Aporops,Aptocyclus,Arctoscopus,Artedidraco,Artediellus,Artedius,Askoldia,Aspidophoroides,Asprocottus,Aulichthys,Aulorhynchus,Austrolycus,Azygopterus,Baldwinella,Bathyagonus,Bathydraco,Bathymaster,Batrachocottus,Bellator,Belonoperca,Bilabria,Blepsias,Bothrocara,Bothrocarina,Bovichtus,Brachypterois,Bryozoichthys,Caracanthus,Careproctus,Cebidichthys,Centropristis,Cephalopholis,Chaenocephalus,Chaenodraco,Champsocephalus,Channichthys,Chelidonichthys,Chelidoperca,Chionobathyscus,Chionodraco,Chirolophis,Chitonotus,Clinocottus,Coccotropsis,Cociella,Comephorus,Congiopodus,Cottinella,Cottiusculus,Cottocomephorus,Cottoperca,Cottunculus,Cottus,Cromileptes,Cryodraco,Cryothenia,Cryptacanthodes,Crystallichthys,Culaea,Cyclopterus,Cygnodraco,Cymbacephalus,Cyphocottus,Dacodraco,Dasycottus,Davidijordania,Dendrochirus,Dermatolepis,Dictyosoma,Diplectrum,Diploprion,Dissostichus,Dolloidraco,Ebinania,Edentoliparis,Elassodiscus,Eleginops,Enophrys,Epinephelus,Erilepis,Ernogrammus,Esselenichthys,Eucryphycus,Eulophias,Eumesogrammus,Eumicrotremus,Eurymen,Eutrigla,Freemanichthys,Gargariscus,Gasterosteus,Gerlachea,Glyptauchen,Gobionotothen,Gracila,Grammistes,Grammistops,Gymnapistes,Gymnelopsis,Gymnelus,Gymnocanthus,Gymnodraco,Hadropareia,Harpagifer,Helicolenus,Hemanthias,Hemilepidotus,Hemitripterus,Hexagrammos,Histiodraco,Hoplichthys,Hozukius,Hypoplectrus,Hypoptychus,Hyporthodus,Hypsagonus,Icelinus,Icelus,Iluocoetes,Inegocia,Inimicus,Iracundus,Jordania,Kasatkia,Leiocottus,Leocottus,Lepidonotothen,Lepidotrigla,Leptagonus,Leptoclinus,Leptocottus,Leptostichaeus,Leviprora,Limnocottus,Lindbergichthys,Liopropoma,Liparis,Lipariscus,Lumpenella,Lumpenus,Luzonichthys,Lycenchelys,Lycodapus,Lycodes,Lycodichthys,Lycogrammoides,Lycozoarces,Magadanichthys,Malacocottus,Marukawichthys,Megalocottus,Meganthias,Melanostigma,Minous,Mycteroperca,Myoxocephalus,Nautichthys,Nectoliparis,Nemanthias,Neomerinthe,Neopagetopsis,Neosebastes,Neozoarces,Normanichthys,Notesthes,Notothenia,Ocosia,Odontanthias,Odontopyxis,Oidiphorus,Oligocottus,Onigocia,Ophiodon,Ophthalmolycus,Opisthocentrus,Orthonopias,Oxylebius,Pachycara,Pagetopsis,Pagothenia,Papilloculiceps,Paracentropogon,Parachaenichthys,Paracottus,Paralabrax,Paraliparis,Paranotothenia,Paranthias,Parascorpaena,Patagonotothen,Percophis,Peristedion,Pholis,Platycephalus,Plectropomus,Pleuragramma,Pleurogrammus,Podothecus,Pogonoperca,Pogonophryne,Pontinus,Poroclinus,Prionodraco,Prionotus,Procottus,Pronotogrammus,Psednos,Pseudanthias,Pseudaphritis,Pseudochaenichthys,Pseudogramma,Psilodraco,Psychrolutes,Pterois,Ptilichthys,Pungitius,Racovitzia,Radulinus,Rastrinus,Ratabulus,Rathbunella,Rhamphocottus,Rhinoliparis,Rhodichthys,Rhodymenichthys,Rogadius,Ronquilus,Ruscarius,Rypticus,Saloptia,Sarritor,Satyrichthys,Scalicus,Schultzea,Scorpaena,Scorpaenichthys,Scorpaenodes,Scorpaenopsis,Sebastapistes,Sebastes,Sebastiscus,Sebastolobus,Seleniolycus,Serranus,Setarches,Sorsogona,Spinachia,Stellerina,Stichaeopsis,Stichaeus,Suggrundus,Sunagocia,Suttonia,Synanceia,Taenianotus,Taurulus,Thysanophrys,Tilesina,Tosana,Trachidermus,Trachyscorpia,Trematomus,Trichocottus,Trichodon,Trigla,Trigloporus,Triglops,Triso,Ulcina,Ulvaria,Variola,Vomeridens,Xeneretmus,Xenolumpenus,Xiphister,Zalanthias,Zanclorhynchus,Zaniolepis,Zaprora,Zesticelus,Zoarces,Zoarchias","37_2",-1.72175031433207,3.19896901607937,5.43780663792689,3.20696828686487,7.71467747380093,86.801541,-1,0,2.01116462537162,0,0,0,0.215865830885794,0,0,0,0,0.215865830885794,9.3167344600992,1.18784342239605,1.17865499634165,1,0.00918842605440617,-2.01116462537162,0.000986228178312633,-0.215865830885794
"32",38,"Bathydraconidae,Channichthyidae","Acanthodraco,Chaenocephalus,Chaenodraco,Champsocephalus,Channichthys,Chionobathyscus,Chionodraco,Cryodraco,Cygnodraco,Dacodraco,Gerlachea,Gymnodraco,Neopagetopsis,Pagetopsis,Parachaenichthys,Pseudochaenichthys,Psilodraco","38_1",-4.98265160912806,3.72602201080802,6.36650979025229,4.1466485971394,3.46573590279973,13.573422,"Bathydraconidae","Akarotaxis,Bathydraco,Prionodraco,Racovitzia,Vomeridens","38_2",-4.67048901148394,2.92287394800422,6.76520256572919,4.22111970249552,2.30258509299405,13.573422,1,1.16315080980568,-0.312162597644116,0.8031480628038,-0.398692775476905,-0.0744711053561291,-0.0847298017455991,0.315712190566229,0.217997212501767,-0.108216551497541,-0.0202135747210629,0.0847298017455991,3.68421253458592,3.49164728458423,2.35232718488886,1,1.13932009969537,-0.312162597644116,0.309243858490759,-0.0847298017455991
"33",39,"Artedidraconidae","Artedidraco,Dolloidraco,Histiodraco,Pogonophryne","39_1",-4.53499135136684,2.76609322458208,6.65750426037734,4.23384688717071,3.40119738166216,12.761433,"Harpagiferidae","Harpagifer","39_2",-4.554572133225,2.13815697513463,4.2114412559725,3.93218613589155,2.39789527279837,12.761433,1,1.00330210886378,0.0195807818581555,0.627936249447453,2.44606300440484,0.301660751279156,0.00548125878531211,0.280854898357457,0.175778531666049,0.684727730968348,0.0844440561725601,0.00548125878531211,3.57231479575919,3.40286266098122,2.40514168131914,1,0.997720979662079,0.0195807818581555,0.279292569861566,0.00548125878531211
"34",40,"Cottidae,Serranidae,Bathydraconidae,Liparidae,Stichaeidae,Sebastidae,Pataecidae,Nototheniidae,Agonidae,Platycephalidae,Anarhichadidae,Anoplopomatidae,Gasterosteidae,Apistidae,Aploactinidae,Pholidae,Cyclopteridae,Trichodontidae,Artedidraconidae,Psychrolutidae,Hypoptychidae,Aulorhynchidae,Zoarcidae,Bathymasteridae,Triglidae,Bovichtidae,Scorpaenidae,Channichthyidae,Tetrarogidae,Congiopodidae,Cryptacanthodidae,Eleginopsidae,Peristediidae,Harpagiferidae,Hexagrammidae,Hoplichthyidae,Synanceiidae,Jordaniidae,Ereuniidae,Neosebastidae,Normanichthyidae,Percophidae,Pseudaphritidae,Ptilichthyidae,Rhamphocottidae,Scorpaenichthyidae,Setarchidae,Zanclorhynchidae,Zaniolepididae,Zaproridae","Abyssocottus,Acanthistius,Acanthodraco,Acantholiparis,Acantholumpenus,Adelosebastes,Aetapcus,Aethaloperca,Aethotaxis,Agonopsis,Agonus,Akarotaxis,Alectrias,Alphestes,Ambiserrula,Anarhichas,Anarrhichthys,Anisarchus,Anoplagonus,Anoplarchus,Anoplopoma,Anthias,Anyperodon,Apeltes,Apistus,Aploactisoma,Apodichthys,Aporops,Aptocyclus,Arctoscopus,Artedidraco,Artediellus,Artedius,Askoldia,Aspidophoroides,Asprocottus,Aulichthys,Aulorhynchus,Austrolycus,Azygopterus,Baldwinella,Bathyagonus,Bathydraco,Bathymaster,Batrachocottus,Bellator,Belonoperca,Bilabria,Blepsias,Bothrocara,Bothrocarina,Bovichtus,Brachypterois,Bryozoichthys,Caracanthus,Careproctus,Cebidichthys,Centropristis,Cephalopholis,Chaenocephalus,Chaenodraco,Champsocephalus,Channichthys,Chelidonichthys,Chelidoperca,Chionobathyscus,Chionodraco,Chirolophis,Chitonotus,Clinocottus,Coccotropsis,Cociella,Comephorus,Congiopodus,Cottinella,Cottiusculus,Cottocomephorus,Cottoperca,Cottunculus,Cottus,Cromileptes,Cryodraco,Cryothenia,Cryptacanthodes,Crystallichthys,Culaea,Cyclopterus,Cygnodraco,Cymbacephalus,Cyphocottus,Dacodraco,Dasycottus,Davidijordania,Dendrochirus,Dermatolepis,Dictyosoma,Diplectrum,Diploprion,Dissostichus,Dolloidraco,Ebinania,Edentoliparis,Elassodiscus,Eleginops,Enophrys,Epinephelus,Erilepis,Ernogrammus,Esselenichthys,Eucryphycus,Eulophias,Eumesogrammus,Eumicrotremus,Eurymen,Eutrigla,Freemanichthys,Gargariscus,Gasterosteus,Gerlachea,Glyptauchen,Gobionotothen,Gracila,Grammistes,Grammistops,Gymnapistes,Gymnelopsis,Gymnelus,Gymnocanthus,Gymnodraco,Hadropareia,Harpagifer,Helicolenus,Hemanthias,Hemilepidotus,Hemitripterus,Hexagrammos,Histiodraco,Hoplichthys,Hozukius,Hypoplectrus,Hypoptychus,Hyporthodus,Hypsagonus,Icelinus,Icelus,Iluocoetes,Inegocia,Inimicus,Iracundus,Jordania,Kasatkia,Leiocottus,Leocottus,Lepidonotothen,Lepidotrigla,Leptagonus,Leptoclinus,Leptocottus,Leptostichaeus,Leviprora,Limnocottus,Lindbergichthys,Liopropoma,Liparis,Lipariscus,Lumpenella,Lumpenus,Luzonichthys,Lycenchelys,Lycodapus,Lycodes,Lycodichthys,Lycogrammoides,Lycozoarces,Magadanichthys,Malacocottus,Marukawichthys,Megalocottus,Meganthias,Melanostigma,Minous,Mycteroperca,Myoxocephalus,Nautichthys,Nectoliparis,Nemanthias,Neomerinthe,Neopagetopsis,Neosebastes,Neozoarces,Normanichthys,Notesthes,Notothenia,Ocosia,Odontanthias,Odontopyxis,Oidiphorus,Oligocottus,Onigocia,Ophiodon,Ophthalmolycus,Opisthocentrus,Orthonopias,Oxylebius,Pachycara,Pagetopsis,Pagothenia,Papilloculiceps,Paracentropogon,Parachaenichthys,Paracottus,Paralabrax,Paraliparis,Paranotothenia,Paranthias,Parascorpaena,Patagonotothen,Percophis,Peristedion,Pholis,Platycephalus,Plectropomus,Pleuragramma,Pleurogrammus,Podothecus,Pogonoperca,Pogonophryne,Pontinus,Poroclinus,Prionodraco,Prionotus,Procottus,Pronotogrammus,Psednos,Pseudanthias,Pseudaphritis,Pseudochaenichthys,Pseudogramma,Psilodraco,Psychrolutes,Pterois,Ptilichthys,Pungitius,Racovitzia,Radulinus,Rastrinus,Ratabulus,Rathbunella,Rhamphocottus,Rhinoliparis,Rhodichthys,Rhodymenichthys,Rogadius,Ronquilus,Ruscarius,Rypticus,Saloptia,Sarritor,Satyrichthys,Scalicus,Schultzea,Scorpaena,Scorpaenichthys,Scorpaenodes,Scorpaenopsis,Sebastapistes,Sebastes,Sebastiscus,Sebastolobus,Seleniolycus,Serranus,Setarches,Sorsogona,Spinachia,Stellerina,Stichaeopsis,Stichaeus,Suggrundus,Sunagocia,Suttonia,Synanceia,Taenianotus,Taurulus,Thysanophrys,Tilesina,Tosana,Trachidermus,Trachyscorpia,Trematomus,Trichocottus,Trichodon,Trigla,Trigloporus,Triglops,Triso,Ulcina,Ulvaria,Variola,Vomeridens,Xeneretmus,Xenolumpenus,Xiphister,Zalanthias,Zanclorhynchus,Zaniolepis,Zaprora,Zesticelus,Zoarces,Zoarchias","40_1",-2.1980719362434,3.19896901607937,5.43780663792689,3.20696828686487,7.71467747380093,86.801541,"Serranidae,Percidae,Bembropidae,Percophidae,Congiopodidae,Trachinidae,Neosebastidae,Niphonidae","Acanthistius,Ammocrypta,Bembrops,Chrionema,Congiopodus,Crystallaria,Echiichthys,Etheostoma,Gymnocephalus,Maxillicosta,Neosebastes,Niphon,Perca,Percarina,Percina,Romanichthys,Sander,Trachinus,Zingel","40_2",-1.87480417840247,3.0843463857808,4.21039038110151,3.31838397591843,5.72358510195238,86.801541,1,1.99109237184855,-0.32326775784093,0.11462263029857,1.22741625682538,-0.111415689053561,-0.034697539059999,0.213711400746238,0.0123028761621858,0.131743183417112,-0.0119586631486301,0.034697539059999,9.3167344600992,7.89972474871139,5.68092318051012,1,2.21880156820127,-0.32326775784093,0.238152281542823,-0.034697539059999
"35",43,"Aplodactylidae,Cheilodactylidae,Chironemidae,Latridae","Aplodactylus,Cheilodactylus,Chirodactylus,Chironemus,Latridopsis,Latris,Nemadactylus","43_1",-2.20136513763713,4.06283824124726,4.4807902329745,3.48850066421116,3.71357206670431,55.205346,"Cheilodactylidae","Cheilodactylus","43_2",-2.74707693307106,3.14578456977916,4.68110136064271,3.46242509901656,2.77258872223978,55.205346,1,0.940983344464527,0.545711795433926,0.917053671468103,-0.20031112766821,0.026075565194605,0.0734467821058409,0.126645968154595,0.12342529839239,-0.0269596660184408,0.00350948315788547,0.0734467821058409,7.43003001339833,3.70352173085081,0.8754687373539,1,2.82805299349691,0.545711795433926,0.380624706548583,0.0734467821058409
"36",44,"Chironemidae","Chironemus","44_1",-2.7611978453131,3.41331992971911,3.40119738166216,3.56343773798505,1.79175946922805,43.364764,"Aplodactylidae","Aplodactylus","44_2",-2.98792284666251,3.82236000769813,2.99573227355399,3.38163642525688,1.6094379124341,43.364764,1,0.182321556793955,0.226725001349407,-0.409040077979013,0.405465108108165,0.181801312728164,0.0344295161573208,0.0276865936623877,-0.0621151257688901,0.0615722457062691,0.0276075915613301,0.0344295161573208,6.58519278381431,1.79508725932073,1.61740608208328,1,0.177681177237452,0.226725001349407,0.0269819249140547,0.0344295161573208
"37",47,"Percophidae,Creediidae","Enigmapercis,Limnichthys,Matsubaraea,Osopsaron,Pteropsaron,Tewara","47_1",-1.09423239442385,1.64064369540191,2.50311175533886,0.419543450935522,3.04452243772342,69.88064,"Epigonidae","Epigonus,Rosenblattia","47_2",-3.89371659494551,2.90731363420291,7.17399549217793,2.78478511606012,3.55534806148941,69.88064,-1,0.51082562376599,-2.79948420052166,1.266669938801,4.67088373683907,2.3652416651246,-0.334887998538882,0.0611074606934702,0.151525256165186,0.558753968229707,0.282941781613466,0.334887998538882,8.35946409765602,3.58101580823799,3.71405975264423,-1,0.133043944406243,-2.79948420052166,0.015915367642233,-0.334887998538882
"38",48,"Acropomatidae,Bathyclupeidae,Dinolestidae,Percophidae,Epigonidae,Howellidae,Creediidae,Scombropidae,Symphysanodontidae","Acropoma,Bathyclupea,Dinolestes,Doederleinia,Enigmapercis,Epigonus,Howella,Limnichthys,Matsubaraea,Osopsaron,Pteropsaron,Rosenblattia,Scombrops,Symphysanodon,Synagrops,Tewara","48_1",-2.7985877878684,2.75076050813129,5.45895022081216,1.67944818873215,4.63472898822964,83.713874,"Acropomatidae,Bathyclupeidae,Dinolestidae,Percophidae,Epigonidae,Howellidae,Creediidae,Scombropidae,Symphysanodontidae","Acropoma,Bathyclupea,Dinolestes,Doederleinia,Enigmapercis,Epigonus,Howella,Limnichthys,Matsubaraea,Osopsaron,Pteropsaron,Rosenblattia,Scombrops,Symphysanodon,Synagrops,Tewara","48_2",-1.87517260040306,2.75076050813129,5.45895022081216,1.67944818873215,4.63472898822964,83.713874,-1,0,0.923415187465341,0,0,0,0.100924891941586,0,0,0,0,0.100924891941586,9.14952862173784,4.73012742539248,3.05541527571516,1,1.67471214967731,-0.923415187465341,0.183038079764946,-0.100924891941586
"39",49,"Pentacerotidae","Evistias,Histiopterus,Paristiopterus,Pentaceropsis,Pentaceros,Pseudopentaceros,Zanclistius","49_1",-4.69192704991437,3.94136554972054,5.72439287802126,2.60681760946758,2.484906649788,22.928308,"Banjosidae","Banjos","49_2",-3.97629489544829,2.99573227355399,5.99146454710798,0.8628275020507,0,22.928308,1,2.484906649788,-0.715632154466087,0.94563327616655,-0.267071669086723,1.74399010741688,-0.149452726485126,0.518948277483299,0.197486195241735,-0.0557752874334209,0.36421515563537,0.149452726485126,4.78835128201764,2.57413778351594,1.06125650212434,1,1.5128812813916,-0.715632154466087,0.315950353741409,-0.149452726485126
"40",50,"Acropomatidae,Polyprionidae","Malakichthys,Stereolepis","50_1",-3.8246075434252,4.17357543829941,4.75311821515546,2.15703754367195,2.19722457733622,29.038759,"Lateolabracidae,Polyprionidae","Lateolabrax,Polyprion","50_2",-2.28260601067873,4.89763723537639,6.57343042450236,3.35277600592031,1.6094379124341,29.038759,1,0.587786664902119,-1.54200153274646,-0.724061797076985,-1.82031220934689,-1.19573846224836,-0.286151336845798,0.109076376624802,-0.134365139588105,-0.337797830365053,-0.221894824501815,0.286151336845798,5.38876228831816,2.40514168131914,1.9387416595767,1,0.466400021742437,-1.54200153274646,0.0865504909640393,-0.286151336845798
"41",53,"Haemulidae","Anisotremus,Brachydeuterus,Conodon,Diagramma,Emmelichthyops,Genyatremus,Haemulon,Haemulopsis,Isacia,Microlepidotus,Orthopristis,Parapristipoma,Plectorhinchus,Pomadasys,Xenichthys,Xenistius","53_1",-1.97977410714885,3.63897077677731,4.08253367919684,2.19873492663927,4.89783979995091,66.324026,"Lutjanidae","Aphareus,Aprion,Apsilus,Caesio,Dipterygonotus,Etelis,Gymnocaesio,Lutjanus,Macolor,Ocyurus,Paracaesio,Pristipomoides,Pterocaesio,Rhomboplites,Symphorichthys,Symphorus","53_2",-1.34378996879669,4.0221697183507,5.01060070232297,0.739975391530508,4.84418708645859,66.324026,1,0.0536527134923199,-0.63598413835216,-0.383198941573391,-0.928067023126133,1.45875953510876,-0.0780927728946944,0.00658804035710054,-0.0470531670731823,-0.113957759160202,0.179121726806556,0.0780927728946944,8.14395640951006,4.91998092582813,4.89034912822175,1,0.0296317976063714,-0.63598413835216,0.0036385014993166,-0.0780927728946944
"42",54,"Emmelichthyidae","Emmelichthys,Erythrocles,Plagiogeneion","54_1",-2.53863659460904,4.0683686538848,6.00292266395044,3.16055341964654,2.83321334405622,30.160818,"Dinopercidae","Centrarchops,Dinoperca","54_2",-3.14655516328857,3.87087538406473,3.80045122977104,1.9736067825408,0.693147180559945,30.160818,1,2.14006616349627,0.607918568679536,0.197493269820068,2.2024714341794,1.18694663710574,0.110693941310703,0.389677780064579,0.0359609157295633,0.401040955539679,0.216127304142243,0.110693941310703,5.49188656110084,2.87469394517693,0.900161349944271,1,1.97453259523266,0.607918568679536,0.359536303830149,0.110693941310703
"43",55,"Chaetodontidae","Amphichaetodon,Chaetodon,Chelmon,Chelmonops,Coradion,Forcipiger,Hemitaurichthys,Heniochus,Johnrandallia,Prognathodes","55_1",-2.15557124847014,2.9101366542188,4.07071086580336,1.65494643932692,4.8283137373023,66.091053,"Leiognathidae","Aurigequula,Equulites,Eubleekeria,Gazza,Karalla,Leiognathus,Nuchequula,Photopectoralis,Secutor","55_2",-1.14611357130231,2.64172570115087,4.16471631971583,0.373485000817228,3.87120101090789,66.091053,1,0.95711272639441,-1.00945767716783,0.268410953067927,-0.0940054539124642,1.28146143850969,-0.124170028162897,0.117731250036056,0.0330163377380839,-0.011563297921044,0.157628305285513,0.124170028162897,8.12964039795119,4.85981240436167,3.87120101090789,1,0.988611393453781,-1.00945767716783,0.121605796205073,-0.124170028162897
"44",56,"Hapalogenyidae","Hapalogenys","56_1",-2.3774541239103,3.40281436333252,5.02162474745564,1.96140749477484,1.94591014905531,52.182663,"Lobotidae","Lobotes","56_2",-2.13907265718715,4.65282527589025,4.24849524204936,1.06047704457579,0.693147180559945,52.182663,1,1.25276296849537,-0.238381466723157,-1.25001091255773,0.773129505406284,0.900930450199056,-0.0329996526373854,0.17342263794919,-0.1730416650018,0.107025959160451,0.124717715331198,0.0329996526373854,7.22375684806735,2.09556092355972,2.02683159140754,1,0.0687293321521807,-0.238381466723157,0.0095143473953679,-0.0329996526373854
"45",58,"Acanthuridae","Acanthurus,Ctenochaetus,Naso,Paracanthurus,Prionurus,Zebrasoma","58_1",-1.43968669906405,3.5247714409199,3.744566651446,1.41056971760652,4.40671924726425,67.390426,"Zanclidae","Zanclus","58_2",-1.70057232291136,3.13549421592915,5.2040066870768,0.0250305636642689,0,67.390426,1,4.40671924726425,0.26088562384731,0.389277224990755,-1.4594400356308,1.38553915394226,0.0317797917521834,0.536804665290261,0.047419819312522,-0.177781740991184,0.168779502401988,0.0317797917521834,8.20916719283997,4.40671924726425,0,1,4.40671924726425,0.26088562384731,0.536804665290261,0.0317797917521834
"46",59,"Drepaneidae,Ephippidae","Drepane,Ephippus,Platax,Tripterodon","59_1",-2.96792257291472,3.85395514388925,3.65535859896692,0.720593408527282,2.39789527279837,69.200967,"Ephippidae","Chaetodipterus","59_2",-2.22334886428342,4.51085950651685,3.55534806148941,2.41395510861864,1.09861228866811,69.200967,1,1.29928298413026,-0.744573708631308,-0.656904362627603,0.100010537477509,-1.69336170009136,-0.0895058900000795,0.156188001951226,-0.078967077322674,0.0120223586497107,-0.20356056667289,0.0895058900000795,8.3187118594167,2.68920711330073,1.18784342239605,1,1.50136369090468,-0.744573708631308,0.180480309485074,-0.0895058900000795
"47",60,"Caproidae,Siganidae","Capros,Siganus","60_1",-1.16674124772061,3.46161476349772,4.96783728313695,2.11628127512816,3.36729582998647,68.543859,"Caproidae","Antigonia","60_2",-2.18713366230606,2.94460902860593,6.59802660569551,0.300656895104304,2.83321334405622,68.543859,1,0.534082485930258,1.02039241458546,0.517005734891796,-1.63018932255856,1.81562438002385,0.123248869886039,0.0645095571820502,0.0624469288865716,-0.196903650824624,0.219301564551899,0.123248869886039,8.2791218737255,3.51035069555868,2.85761897142436,1,0.652731724134321,1.02039241458546,0.0788406951956851,0.123248869886039
"48",61,"Priacanthidae","Cookeolus,Heteropriacanthus,Priacanthus,Pristigenys","61_1",-1.75845429535027,3.80177010542879,5.58660610332372,0.176422938373463,2.94443897916644,62.729729,"Scatophagidae","Scatophagus,Selenotoca","61_2",-1.67800855164508,3.6041356124041,1.6094379124341,0.881335463868211,1.38629436111989,62.729729,1,1.55814461804655,-0.0804457437051909,0.197634493024683,3.97716819088962,-0.704912525494748,-0.0101570213499799,0.196730211232219,0.0249531879834512,0.502154375940219,-0.0890017450464123,0.0101570213499799,7.92021016135304,2.94496515650034,1.54543258245819,1,1.39953257404215,-0.0804457437051909,0.176703969406168,-0.0101570213499799
"49",62,"Tetraodontidae","Arothron,Auriglobus,Canthigaster,Carinotetraodon,Chelonodon,Chonerhinos,Colomesus,Lagocephalus,Marilyna,Monotrete,Omegophora,Pelagocephalus,Polyspina,Reicheltia,Sphoeroides,Takifugu,Tetractenos,Tetraodon,Torquigener,Tylerius","62_1",-0.737371897884775,2.92129803116223,3.91837542222317,2.37713884763076,5.20948615284142,71.846799,"Diodontidae","Allomycterus,Chilomycterus,Cyclichthys,Diodon","62_2",-1.70458307460458,3.77467096266611,4.57693466372073,1.81503924437362,2.70805020110221,71.846799,1,2.50143595173921,0.967211176719809,-0.853372931503885,-0.658559241497564,0.562099603257147,0.114108394408671,0.295111188786204,-0.100678132541822,-0.0776946539484089,0.0663146629911252,0.114108394408671,8.47624911148793,5.25227342804663,2.89037175789616,1,2.36190167015047,0.967211176719809,0.278649393037465,0.114108394408671
"50",63,"Monacanthidae","Acanthaluteres,Acreichthys,Aluterus,Amanses,Brachaluteres,Cantherhines,Chaetodermis,Eubalichthys,Meuschenia,Monacanthus,Nelusetta,Oxymonacanthus,Paraluteres,Paramonacanthus,Pervagor,Pseudalutarius,Pseudomonacanthus,Rudarius,Scobinichthys,Stephanolepis,Thamnaconus","63_1",-0.875006379414057,3.10529238116944,4.06384510939388,1.74986017237165,4.62497281328427,60.571481,"Balistidae","Abalistes,Balistapus,Balistes,Balistoides,Canthidermis,Melichthys,Odonus,Pseudobalistes,Rhinecanthus,Sufflamen,Xanthichthys","63_2",-2.1230937291319,3.78714250580969,4.1635362144734,0.85642292130975,3.71357206670431,60.571481,1,0.911400746579963,1.24808734971784,-0.681850124640257,-0.0996911050795193,0.893437251061897,0.160365478728155,0.117104958296016,-0.0876102315142498,-0.012809209062675,0.114796846961471,0.160365478728155,7.78276820931987,4.68213122712422,3.73766961828337,1,0.944461608840852,1.24808734971784,0.121352914983368,0.160365478728155
"51",64,"Triacanthidae","Pseudotriacanthus,Triacanthus,Trixiphichthys","64_1",-1.40098473826357,3.32892471748301,4.32307073263672,0.432828310856216,1.38629436111989,69.594595,"Triacanthodidae","Parahollardia,Triacanthodes,Tydemania","64_2",-2.81874575614147,2.56732151719572,6.17227072880939,2.0696135013504,1.94591014905531,69.594595,-1,0.559615787935423,-1.4177610178779,-0.761603200287295,1.84919999617267,1.63678519049418,-0.169947693618276,0.0670814130680168,-0.0912937411234921,0.221664491000651,0.196202226302849,0.169947693618276,8.34233750216329,1.94591014905531,3.13549421592915,-1,1.18958406687384,-1.4177610178779,0.142596012995801,-0.169947693618276
"52",65,"Ostraciidae","Acanthostracion,Lactophrys,Lactoria,Ostracion,Rhinesomus,Rhynchostracion,Tetrosomus","65_1",-2.47475856621196,3.59162651051039,4.2408637704582,1.47611264870918,3.2188758248682,49,"Aracanidae","Anoplocapros,Aracana,Caprichthys,Capropygia,Kentrocapros","65_2",-2.81353780816914,2.77956539648759,5.20972400353512,3.23786140482211,2.484906649788,49,1,0.7339691750802,0.338779241957178,0.812061114022796,-0.968860233076925,-1.76174875611293,0.0483970345653111,0.104852739297171,0.116008730574685,-0.138408604725275,-0.251678393730419,0.0483970345653111,7,3.25809653802148,2.56494935746154,1,0.693147180559945,0.338779241957178,0.0990210257942779,0.0483970345653111
"53",69,"Melamphaidae","Melamphaes,Poromitra,Scopeloberyx,Scopelogadus,Sio","69_1",-1.32616774564097,2.15951204583138,7.7553263191167,1.81072254122558,4.11087386417331,69.91063,"Berycidae","Beryx,Centroberyx","69_2",-2.4420483299861,3.87690829273721,6.278154999365,1.81514897832275,2.30258509299405,69.91063,1,1.80828877117927,1.11588058434513,-1.71739624690584,1.4771713197517,-0.00442643709717094,0.133458461272559,0.216269948884952,-0.205399272756261,0.176668555879312,-0.000529398478829968,0.133458461272559,8.36125768051673,4.11120167928852,2.34084380511114,1,1.77035787417739,1.11588058434513,0.2117334427215,0.133458461272559
"54",70,"Barbourisiidae,Cetomimidae","Barbourisia,Cetomimus,Cetostoma,Ditropichthys,Gyrinomimus,Parataeniophorus","70_1",-1.00380791858214,2.74997989329523,7.67455230984956,1.49884946004254,2.89037175789616,62.485347,"Rondeletiidae","Rondeletia","70_2",-0.875681559999033,2.40690452554971,8.08394265773042,2.20300144807721,0.693147180559945,62.485347,1,2.19722457733622,-0.128126358583104,0.34307536774552,-0.409390347880854,-0.704151988034663,-0.0162087450223485,0.277961953533397,0.043401070792383,-0.0517903094788049,-0.0890794069015138,0.0162087450223485,7.90476735900558,3.60086757679072,1.09192330051731,1,2.50894427627341,-0.128126358583104,0.317396346068942,-0.0162087450223485
"55",72,"Trachipteridae","Desmodema,Trachipterus,Zu","72_1",-1.05323651834135,4.99407940384761,5.78014003564571,1.6967875293865,2.30258509299405,50.083751,"Regalecidae","Regalecus","72_2",-1.32128969864308,6.68461172766793,6.90775527898214,-0.451172975903097,0.693147180559945,50.083751,1,1.6094379124341,0.268053180301728,-1.69053232382032,-1.12761524333642,2.1479605052896,0.0378767354299974,0.227418506774123,-0.238877395497136,-0.159335487796153,0.303513398652309,0.0378767354299974,7.07698742403857,2.30258509299405,1.11185751541813,1,1.19072757757592,0.268053180301728,0.168253453938797,0.0378767354299974
"56",73,"Veliferidae","Metavelifer,Velifer","73_1",-2.26531821040212,3.51054198214457,5.0905596445672,1.98891575475096,0.693147180559945,74.148644,"Lamprididae","Lampris","73_2",-2.22692118907306,4.99939886617023,6.19937849467984,1.9930879068415,0.693147180559945,74.148644,-1,0,0.0383970213290596,1.48885688402566,1.10881885011263,0.00417215209054622,0.00445908682115736,0,0.17290252942417,0.128768309375242,0.000484516448382388,0.00445908682115736,8.61096068972562,1.05431202977153,0.708035793053696,1,0.346276236717834,-0.0383970213290596,0.0402134267238035,-0.00445908682115736
"57",74,"Macrouridae,Bregmacerotidae,Merlucciidae,Steindachneriidae","Albatrossia,Bathygadus,Bregmaceros,Coelorinchus,Coryphaenoides,Cynomacrurus,Gadomus,Hymenocephalus,Lucigadus,Lyconus,Macrourus,Macruronus,Malacocephalus,Mesobius,Nezumia,Odontomacrurus,Paracetonurus,Sphagemacrurus,Steindachneria,Trachonurus,Ventrifossa","74_1",-0.612902647100757,3.78671829716099,7.23614094313958,3.11661668413132,5.91620206260743,75.923153,"Moridae,Gadidae,Lotidae,Euclichthyidae,Gaidropsaridae,Melanonidae,Merlucciidae,Muraenolepididae,Phycidae,Macrouridae","Antimora,Arctogadus,Boreogadus,Brosme,Ciliata,Eleginus,Enchelyopus,Euclichthys,Gadella,Gadiculus,Gadus,Gaidropsarus,Guttigadus,Halargyreus,Laemonema,Lepidion,Lota,Lotella,Melanogrammus,Melanonus,Merlangius,Merluccius,Microgadus,Micromesistius,Molva,Mora,Muraenolepis,Phycis,Physiculus,Pollachius,Pseudophycis,Raniceps,Squalogadus,Theragra,Trachyrincus,Tripterophycis,Trisopterus,Urophycis","74_2",-1.40195027791631,3.90721650822244,6.53351352107517,3.37171088768072,5.26785815906333,75.923153,1,0.648343903544107,0.789047630815553,-0.120498211061454,0.702627422064413,-0.2550942035494,0.0905557647126654,0.0744077742449435,-0.0138290861324807,0.0806376713245655,-0.0292761168958939,0.0905557647126654,8.71338929464305,5.86632640384148,5.57234412817682,1,0.293982275664665,0.789047630815553,0.0337391416501274,0.0905557647126654
"58",75,"Gadidae,Lotidae,Gaidropsaridae,Phycidae","Arctogadus,Boreogadus,Brosme,Ciliata,Eleginus,Enchelyopus,Gadiculus,Gadus,Gaidropsarus,Lota,Melanogrammus,Merlangius,Microgadus,Micromesistius,Molva,Phycis,Pollachius,Theragra,Trisopterus,Urophycis","75_1",-0.30262245961915,4.10760886063288,6.18481667289383,3.95542731468033,4.06044301054642,62.033951,"Gadidae","Raniceps","75_2",-1.11794802497485,3.40119738166216,4.60517018598809,4.01132509118009,0,62.033951,1,4.06044301054642,0.815325565355702,0.706411478970721,1.57964648690574,-0.0558977764997639,0.103518111133897,0.515535644506893,0.0896897939836447,0.200560398854215,-0.0070970818108909,0.103518111133897,7.87616346960879,4.63599032832798,1.7561322915849,1,2.87985803674307,0.815325565355702,0.365642237855446,0.103518111133897
"59",79,"Evermannellidae,Paralepididae","Coccorella,Evermannella,Lestidiops,Lestidium,Lestrolepis,Stemonosudis","79_1",-0.587308979012193,2.79863900702606,7.03988243261872,0.763673380380353,3.71357206670431,62.408902,"Alepisauridae,Paralepididae,Sudidae","Alepisaurus,Anotopterus,Macroparalepis,Magnisudis,Notolepis,Omosudis,Sudis","79_2",-2.18241380038389,3.77921149353287,7.82845597077019,1.81298942763444,2.99573227355399,62.408902,1,0.717839793150317,1.5951048213717,-0.980572486506807,-0.788573538151471,-1.04931604725409,0.201913778881407,0.0908665959280257,-0.12412419144183,-0.0998203132989851,-0.132825984539233,0.201913778881407,7.89993050602345,3.61603990793698,3.48154773431581,1,0.134492173621165,1.5951048213717,0.0170244755341352,0.201913778881407
"60",80,"Alepisauridae,Paralepididae","Alepisaurus,Anotopterus,Macroparalepis,Magnisudis,Notolepis,Omosudis","80_1",-1.82698465514185,3.98812530173697,7.85041006588453,2.42821333735564,2.89037175789616,60.477307,"Sudidae","Sudis","80_2",-2.29899155748392,2.52572864430826,7.71868549519847,-1.26313012097156,0.693147180559945,60.477307,1,2.19722457733622,0.472006902342066,1.46239665742871,0.131724570686067,3.6913434583272,0.0606948898297638,0.282538884475939,0.188048106012072,0.0169383292193251,0.474666119108194,0.0606948898297638,7.77671569494475,3.34744492566291,1.40609698841607,1,1.94134793724684,0.472006902342066,0.249635966312721,0.0606948898297638
"61",84,"Salangidae","Hemisalanx,Leucosoma,Neosalangichthys,Neosalanx,Protosalanx,Salangichthys,Salanx","84_1",0.0404343994149762,2.39694197334332,NA,NA,2.99573227355399,56.830001,"Plecoglossidae","Plecoglossus","84_2",-0.104802893380253,NA,NA,3.52461178968356,1.09861228866811,56.830001,1,1.89711998488588,0.145237292795229,NA,NA,NA,0.0192659005117541,0.251655233888197,NA,NA,NA,0.0192659005117541,7.5385675695055,2.99573227355399,1.09861228866811,1,1.89711998488588,0.145237292795229,0.251655233888197,0.0192659005117541
"62",85,"Umbridae,Esocidae","Dallia,Esox,Novumbra","85_1",-1.18587997122848,3.46559957074191,2.59647842544511,NA,2.39789527279837,101.351657,"Umbridae","Umbra","85_2",-0.863285060690956,2.69655550216852,NA,NA,1.09861228866811,101.351657,1,1.29928298413026,-0.322594910537523,0.769044068573389,NA,NA,-0.0320436577655688,0.129059008447234,0.0763898751500604,NA,NA,0.0320436577655688,10.0673560084066,2.39789527279837,1.09861228866811,1,1.29928298413026,-0.322594910537523,0.129059008447234,-0.0320436577655688
"63",86,"Argentinidae","Argentina","86_1",-2.46590434266259,3.51823489681126,6.50105839128983,3.28443835191718,2.56494935746154,26.046512,"Opisthoproctidae","Macropinna,Rhynchohyalus","86_2",-2.86291613666388,2.740319461671,6.89863510483724,2.18641916757551,0.693147180559945,26.046512,1,1.87180217690159,0.397011794001286,0.777915435140263,-0.39757671354741,1.09801918434167,0.0777908687945627,0.36676270013343,0.152425490785459,-0.0779015596681237,0.215146924080445,0.0777908687945627,5.10357835248956,3.29583686600433,2.94443897916644,1,0.351397886837889,0.397011794001286,0.0688532364094057,0.0777908687945627
"64",89,"Mochokidae","Atopochilus,Chiloglanis,Euchilichthys,Mochokiella,Mochokus,Synodontis","89_1",-2.20651383924362,2.12204418766239,4.54705239027317,NA,5.27299955856375,57.251842,"Malapteruridae","Malapterurus,Paradoxoglanis","89_2",-2.31751093118066,3.40269322386252,NA,NA,3.04452243772342,57.251842,1,2.22847712084032,0.110997091937044,-1.28064903620013,NA,NA,0.0146695525975574,0.294519088438483,-0.169252617953312,NA,NA,0.0146695525975574,7.5664946970179,5.34233425196481,3.05964559929764,1,2.28268865266717,0.110997091937044,0.301683770896822,0.0146695525975574
"65",90,"Amphiliidae,Mochokidae,Malapteruridae","Amphilius,Atopochilus,Belonoglanis,Chiloglanis,Euchilichthys,Malapterurus,Mochokiella,Mochokus,Paradoxoglanis,Phractura,Synodontis","90_1",-1.80165981633043,2.49029056832864,4.54705239027317,NA,5.55682806169954,63.568231,"Amphiliidae,Claroteidae,Heptapteridae,Lacantuniidae,Schilbeidae","Amphilius,Anaspidoglanis,Auchenoglanis,Bathybagrus,Cetopsorhamdia,Chasmocranus,Chrysichthys,Clarotes,Heptapterus,Imparfinis,Lacantunia,Lophiobagrus,Parailia,Parauchenoglanis,Pareutropius,Phenacorhamdia,Phyllonemus,Pimelodella,Rhamdiopsis,Schilbe,Taunayia","90_2",-2.20640710802339,2.75727548073595,3.35010985495328,NA,5.61677109766657,63.568231,-1,0.0599430359670343,-0.404747291692956,0.266984912407309,-1.19694253531989,NA,-0.0507649413151407,0.0075182830511101,0.0334862609054016,-0.150125075102923,NA,0.0507649413151407,7.97296876953623,5.52513416322854,4.89305223844254,1,0.632081924786004,0.404747291692956,0.079278113718583,0.0507649413151407
