"","Pair","Family_first","Genus_first","Sister_first","Blen_first","Length_first","Depth_first","Lat_first","N_spp_first","Age_first","Family_last","Genus_last","Sister_last","Blen_last","Length_last","Depth_last","Lat_last","N_spp_last","Age_last","swap","N_spp_diff","Blen_diff","Length_diff","Depth_diff","Lat_diff","Blen_std","N_spp_std","Length_std","Depth_std","Lat_std","rate.std","time.std","N_spp_ata_first","N_spp_ata_last","swap_ata","N_spp_ata_diff","Blen_ata_diff","N_spp_ata_std","Blen_ata_std"
"1",1,"Poeciliidae","Alfaro,Belonesox,Brachyrhaphis,Carlhubbsia,Cnesterodon,Gambusia,Girardinus,Heterandria,Heterophallus,Limia,Micropoecilia,Neoheterandria,Pamphorichthys,Phallichthys,Phalloptychus,Poecilia,Poeciliopsis,Priapella,Priapichthys,Pseudopoecilia,Pseudoxiphophorus,Quintana,Scolichthys,Xenodexia,Xenophallus,Xiphophorus","1_1",-3.65842784665811,1.39608497874822,0.972903002042005,NA,5.50533153593236,66.642026,"Anablepidae","Anableps,Jenynsia,Oxyzygonectes","1_2",-3.93631569799719,2.61382695394024,NA,NA,2.83321334405622,66.642026,1,2.67211819187615,0.277887851339083,-1.21774197519201,NA,NA,0.0340404635042124,0.327326802345566,-0.149169893769448,NA,NA,0.0340404635042124,8.16345674331652,5.87211778947542,2.83321334405622,1,3.0389044454192,0.277887851339083,0.372257064742478,0.0340404635042124
"2",2,"Goodeidae","Allodontichthys,Alloophorus,Allotoca,Ameca,Ataeniobius,Chapalichthys,Characodon,Crenichthys,Empetrichthys,Girardinichthys,Goodea,Hubbsina,Ilyodon,Skiffia,Xenoophorus,Xenotaenia,Xenotoca,Zoogoneticus","2_1",-3.59085478006681,1.77648030511772,0.231049060186648,NA,4.00733318523247,41.294324,"Profundulidae","Profundulus","2_2",-4.03937353897759,2.16426349862303,NA,NA,2.07944154167984,41.294324,1,1.92789164355264,0.448518758910781,-0.387783193505312,NA,NA,0.069796787053599,0.300011180879556,-0.0603453488674233,NA,NA,0.069796787053599,6.42606598160959,4.00733318523247,2.07944154167984,1,1.92789164355264,0.448518758910781,0.300011180879556,0.069796787053599
"3",3,"Rivulidae","Anablepsoides,Aphyolebias,Atlantirivulus,Austrofundulus,Austrolebias,Campellolebias,Cynodonichthys,Cynopoecilus,Gnatholebias,Hypsolebias,Kryptolebias,Laimosemion,Leptolebias,Llanolebias,Maratecoara,Melanorivulus,Micromoema,Moema,Nematolebias,Neofundulus,Notholebias,Ophthalmolebias,Papiliolebias,Pituna,Plesiolebias,Pterolebias,Rachovia,Renova,Rivulus,Simpsonichthys,Terranatos,Trigonectes","3_1",-3.13215498487202,1.76559098249954,NA,NA,5.86929691313377,86.72303,"Nothobranchiidae,Aplocheilidae","Aphyosemion,Aplocheilus,Archiaphyosemion,Callopanchax,Epiplatys,Episemion,Fenerbahce,Fundulopanchax,Nimbapanchax,Nothobranchius,Pachypanchax,Pronothobranchius,Scriptaphyosemion","3_2",-3.91643899155809,1.75147235890761,NA,NA,5.6021188208797,86.72303,1,0.267178092254073,0.784284006686062,0.0141186235919386,NA,NA,0.0842182353472156,0.0286902031167908,0.00151609054157418,NA,NA,0.0842182353472156,9.31252006709247,5.92157841964382,5.605802066296,1,0.315776353347818,0.784284006686062,0.0339087970895948,0.0842182353472156
"4",4,"Exocoetidae,Hemiramphidae","Cheilopogon,Cypselurus,Euleptorhamphus,Exocoetus,Fodiator,Hemiramphus,Hirundichthys,Oxyporhamphus,Parexocoetus,Prognichthys","4_1",-4.62851558148308,3.2638658573729,2.50044093526647,1.22860420979478,4.4188406077966,66.363335,"Hemiramphidae","Arrhamphus,Chriodorus,Hyporhamphus","4_2",-4.74801625439442,3.38031759596183,2.04717228111105,1.6659544200217,3.76120011569356,66.363335,1,0.657640492103036,0.11950067291134,-0.116451738588923,0.453268654155417,-0.43735021022692,0.0146691939076886,0.0807280466727119,-0.0142949248119779,0.0556405718737326,-0.0536865181014242,0.0146691939076886,8.14636943674911,4.51491719701053,3.67958640720234,1,0.835330789808185,0.11950067291134,0.102540253826437,0.0146691939076886
"5",6,"Bedotiidae","Bedotia,Rheocles","6_1",-5.07773709763699,1.99642831784973,NA,NA,2.77258872223978,49.864166,"Atherinidae,Isonidae","Atherina,Iso","6_2",-4.51651848839353,2.44672265223807,NA,3.04786485624451,2.30258509299405,49.864166,1,0.470003629245735,-0.561218609243463,-0.450294334388342,NA,NA,-0.0794763261578541,0.0665590219534301,-0.0637679128907084,NA,NA,0.0794763261578541,7.06145636536827,2.77881927199042,2.31648799816304,1,0.46233127382738,-0.561218609243463,0.0654725101885224,-0.0794763261578541
"6",7,"Chaenopsidae,Labrisomidae,Clinidae,Dactyloscopidae","Acanthemblemaria,Alloclinus,Auchenionchus,Blennioclinus,Blennophis,Calliclinus,Cancelloxus,Chaenopsis,Cirriemblemaria,Clinitrachus,Clinus,Coralliozetus,Cristiceps,Dactyloscopus,Dialommus,Ekemblemaria,Emblemaria,Emblemariopsis,Exerpes,Gibbonsia,Gillellus,Hemiemblemaria,Heteroclinus,Heterostichus,Labrisomus,Lucayablennius,Malacoctenus,Mccoskerichthys,Muraenoclinus,Myxodes,Neoclinus,Ophiclinus,Paraclinus,Pavoclinus,Platygillellus,Protemblemaria,Starksia,Stathmonotus,Sticharium,Xenomedea","7_1",-5.27577340211314,2.14869952616741,2.93753736153726,3.01229709816174,5.75890177387728,54.25418,"Blenniidae","Aidablennius,Alticus,Andamia,Atrosalarias,Blenniella,Blennius,Chasmodes,Cirripectes,Coryphoblennius,Ecsenius,Entomacrodus,Hypleurochilus,Hypsoblennius,Istiblennius,Lipophrys,Meiacanthus,Microlipophrys,Nannosalarias,Omobranchus,Ophioblennius,Parablennius,Petroscirtes,Plagiotremus,Praealticus,Rhabdoblennius,Salaria,Salarias,Scartella,Xiphasia","7_2",-4.40182126200206,2.34194231399248,2.43641580058837,2.15929293698611,5.82008293035236,54.25418,-1,0.0611811564750813,0.873952140111081,0.193242787825071,-0.501121560948891,-0.853004161175633,0.118650903120289,0.00830617505987165,0.0262353397223935,-0.0680340753809215,-0.115806929743303,0.118650903120289,7.36574368275193,5.8636311755981,5.98393628068719,-1,0.120305105089094,0.873952140111081,0.0163330561407951,0.118650903120289
"7",8,"Mugilidae","Agonostomus,Aldrichetta,Cestraeus,Chaenomugil,Chelon,Crenimugil,Ellochelon,Joturus,Liza,Moolgarda,Mugil,Myxus,Neomyxus,Oedalechilus,Paramugil,Rhinomugil,Sicamugil,Trachystoma,Valamugil,Xenomugil","8_1",-3.61182582467164,3.64467046218346,2.59212241925846,1.6905659901623,4.36944785246702,103.427961,"Ambassidae","Ambassis,Denariusa,Parambassis","8_2",-3.94710628955742,2.13125421530257,0.693147180559945,0.925193221090099,3.66356164612965,103.427961,1,0.705886206337375,0.335280464885772,1.51341624688089,1.89897523869852,0.765372769072198,0.0329677469863901,0.069408988261937,0.14881249919902,0.186724076585141,0.0752582343550543,0.0329677469863901,10.1699538347035,4.36944785246702,3.89182029811063,1,0.477627554356395,0.335280464885772,0.0469645744827829,0.0329677469863901
"8",9,"Achiridae,Soleidae,Cynoglossidae,Samaridae","Achirus,Aseraggodes,Austroglossus,Bathysolea,Buglossidium,Catathyridium,Cynoglossus,Dicologlossa,Gymnachirus,Heteromycteris,Hypoclinemus,Microchirus,Monochirus,Paraplagusia,Pardachirus,Pegusa,Plagiopsetta,Pseudaesopia,Samaris,Samariscus,Solea,Soleichthys,Synaptura,Synapturichthys,Trinectes,Zebrias","9_1",-3.0035830100987,3.09369676365449,4.69487591380917,2.32911788151643,5.52942908751142,69.726457,"Achiridae,Soleidae,Cynoglossidae,Samaridae","Achirus,Aseraggodes,Austroglossus,Bathysolea,Buglossidium,Catathyridium,Cynoglossus,Dicologlossa,Gymnachirus,Heteromycteris,Hypoclinemus,Microchirus,Monochirus,Paraplagusia,Pardachirus,Pegusa,Plagiopsetta,Pseudaesopia,Samaris,Samariscus,Solea,Soleichthys,Synaptura,Synapturichthys,Trinectes,Zebrias","9_2",-3.14046907002067,3.09369676365449,4.69487591380917,2.32911788151643,5.52942908751142,69.726457,-1,0,-0.13688605992197,0,0,0,-0.0163930749343448,0,0,0,0,0.0163930749343448,8.350236942746,4.73611072524869,4.77777805059441,-1,0.0416673253457196,-0.13688605992197,0.00498995724689187,-0.0163930749343448
"9",10,"Paralichthyidae,Pleuronectidae,Scophthalmidae","Ancylopsetta,Atheresthes,Citharichthys,Cleisthenes,Clidoderma,Dexistes,Embassichthys,Eopsetta,Etropus,Gastropsetta,Glyptocephalus,Hippoglossina,Hippoglossoides,Hippoglossus,Hypsopsetta,Isopsetta,Kareius,Lepidopsetta,Lepidorhombus,Limanda,Liopsetta,Lyopsetta,Microstomus,Paralichthys,Parophrys,Phrynorhombus,Platichthys,Pleuronectes,Pleuronichthys,Psettichthys,Pseudopleuronectes,Pseudorhombus,Reinhardtius,Scophthalmus,Tanakius,Tarphops,Verasper,Xystreurys,Zeugopterus","10_1",-4.89686027983741,3.79485348291794,5.79690235505811,3.64792718040527,5.11799381241676,71.406897,"Paralichthyidae,Pleuronectidae,Scophthalmidae","Ancylopsetta,Atheresthes,Citharichthys,Cleisthenes,Clidoderma,Dexistes,Embassichthys,Eopsetta,Etropus,Gastropsetta,Glyptocephalus,Hippoglossina,Hippoglossoides,Hippoglossus,Hypsopsetta,Isopsetta,Kareius,Lepidopsetta,Lepidorhombus,Limanda,Liopsetta,Lyopsetta,Microstomus,Paralichthys,Parophrys,Phrynorhombus,Platichthys,Pleuronectes,Pleuronichthys,Psettichthys,Pseudopleuronectes,Pseudorhombus,Reinhardtius,Scophthalmus,Tanakius,Tarphops,Verasper,Xystreurys,Zeugopterus","10_2",-4.82806376854709,3.79485348291794,5.79690235505811,3.64792718040527,5.11799381241676,71.406897,-1,0,0.0687965112903175,0,0,0,0.00814134829907205,0,0,0,0,0.00814134829907205,8.45026017350945,5.26300102142047,1.33236601909433,1,3.93063500232613,-0.0687965112903175,0.465149583754616,-0.00814134829907205
"10",11,"Rhombosoleidae,Achiridae,Paralichthyidae,Bothidae,Soleidae,Pleuronectidae,Citharidae,Centropomidae,Cynoglossidae,Lactariidae,Scophthalmidae,Samaridae,Poecilopsettidae,Psettodidae,Sphyraenidae","Achiropsetta,Achirus,Ancylopsetta,Arnoglossus,Aseraggodes,Asterorhombus,Atheresthes,Austroglossus,Bathysolea,Bothus,Brachypleura,Buglossidium,Catathyridium,Centropomus,Chascanopsetta,Citharichthys,Citharoides,Citharus,Cleisthenes,Clidoderma,Crossorhombus,Cyclopsetta,Cynoglossus,Dexistes,Dicologlossa,Embassichthys,Eopsetta,Etropus,Gastropsetta,Glyptocephalus,Gymnachirus,Heteromycteris,Hippoglossina,Hippoglossoides,Hippoglossus,Hypoclinemus,Hypsopsetta,Isopsetta,Japonolaeops,Kareius,Lactarius,Laeops,Lepidoblepharon,Lepidopsetta,Lepidorhombus,Limanda,Liopsetta,Lophonectes,Lyopsetta,Mancopsetta,Microchirus,Microstomus,Monochirus,Neoachiropsetta,Paralichthys,Paraplagusia,Pardachirus,Parophrys,Pegusa,Phrynorhombus,Plagiopsetta,Platichthys,Pleuronectes,Pleuronichthys,Poecilopsetta,Psettichthys,Psettina,Psettodes,Pseudaesopia,Pseudopleuronectes,Pseudorhombus,Reinhardtius,Samaris,Samariscus,Scophthalmus,Solea,Soleichthys,Sphyraena,Syacium,Symphurus,Synaptura,Synapturichthys,Tanakius,Tarphops,Trichopsetta,Trinectes,Verasper,Xystreurys,Zebrias,Zeugopterus","11_1",-3.71493599643372,3.45921616571398,5.36291707045986,2.80679965098211,6.50727771238501,82.733739,"Carangidae,Coryphaenidae,Echeneidae,Polynemidae,Istiophoridae,Centropomidae,Leptobramidae,Menidae,Rachycentridae,Toxotidae,Xiphiidae","Alectis,Alepes,Atropus,Atule,Carangoides,Caranx,Chloroscombrus,Coryphaena,Decapterus,Echeneis,Elagatis,Eleutheronema,Filimanus,Gnathanodon,Hemicaranx,Istiompax,Istiophorus,Kajikia,Lates,Leptobrama,Leptomelanosoma,Lichia,Makaira,Megalaspis,Mene,Naucrates,Oligoplites,Parastromateus,Parona,Pentanemus,Phtheirichthys,Polydactylus,Polynemus,Psammoperca,Pseudocaranx,Rachycentron,Remora,Scomberoides,Selar,Selaroides,Selene,Seriola,Seriolina,Tetrapturus,Toxotes,Trachinotus,Trachurus,Uraspis,Xiphias","11_2",-4.0903724614697,4.36176339239146,4.64217143308449,0.985992685530058,5.43372200355424,82.733739,1,1.07355570883077,0.375436465035983,-0.902547226677481,0.720745637375365,1.82080696545205,0.0412757645197759,0.118027514009096,-0.0992267141465495,0.0792393120474062,0.200180873572746,0.0412757645197759,9.0958088700236,6.70960917184121,5.46700473206619,1,1.24260443977502,0.375436465035983,0.136612857364471,0.0412757645197759
"11",12,"Coryphaenidae","Coryphaena","12_1",-2.73416832925727,5.16432862195931,5.21705790179915,0.108798915031093,0.693147180559945,39.083682,"Rachycentridae","Rachycentron","12_2",-2.83785710966496,5.29831736654804,7.09007683577609,1.08627124312857,0,39.083682,1,0.693147180559945,0.103688780407694,-0.133988744588723,-1.87301893397694,-0.977472328097477,0.016585708598146,0.110873491878208,-0.0214323889666955,-0.299601809526603,-0.156353186264048,0.016585708598146,6.25169433033958,0.783901543828409,0.285178942233662,1,0.498722601594747,0.103688780407694,0.0797739900964828,0.016585708598146
"12",13,"Istiophoridae","Istiompax,Istiophorus,Kajikia,Makaira,Tetrapturus","13_1",-4.07010083085164,5.8997227281948,5.84530198425614,0.623916910573243,2.39789527279837,39.574461,"Xiphiidae","Xiphias","13_2",-4.33370642218429,6.12029741895095,7.96485088744731,0.948133742165563,0,39.574461,1,2.39789527279837,0.263605591332649,-0.220574690756149,-2.11954890319118,-0.32421683159232,0.0419031926469482,0.381173506431734,-0.0350629275846137,-0.336927094626643,-0.0515380583731703,0.0419031926469482,6.29082355498865,2.39789527279837,0,1,2.39789527279837,0.263605591332649,0.381173506431734,0.0419031926469482
"13",14,"Osphronemidae","Belontia,Betta,Ctenops,Luciocephalus,Macropodus,Malpulutta,Osphronemus,Parasphaerichthys,Parosphromenus,Pseudosphromenus,Sphaerichthys,Trichogaster,Trichopodus,Trichopsis","14_1",-3.416321171808,2.12135992277847,0,NA,4.88280192258637,71.83222,"Anabantidae,Helostomatidae","Anabas,Ctenopoma,Helostoma,Microctenopoma,Sandelia","14_2",-3.09989905754861,2.65245228027572,NA,NA,3.52636052461616,71.83222,1,1.35644139797021,-0.316422114259393,-0.531092357497245,NA,NA,-0.0373342287178844,0.160044734903428,-0.0626628881218722,NA,NA,0.0373342287178844,8.47538907661471,4.88280192258637,3.52636052461616,1,1.35644139797021,-0.316422114259393,0.160044734903428,-0.0373342287178844
"14",15,"Badidae","Badis,Dario","15_1",-3.20760211264482,1.11106032215739,0.346573590279973,NA,3.04452243772342,58.97277,"Nandidae,Pristolepididae","Nandus,Pristolepis","15_2",-3.38924904814631,2.66130567448825,NA,NA,2.39789527279837,58.97277,1,0.646627164925052,0.18164693550149,-1.55024535233086,NA,NA,0.0236538757784104,0.0842031195949211,-0.201871343928021,NA,NA,0.0236538757784104,7.6793730212824,3.04452243772342,2.56494935746154,1,0.479573080261886,0.18164693550149,0.0624495097363822,0.0236538757784104
"15",16,"Gobiidae,Eleotridae,Thalasseleotrididae,Kraemeriidae,Schindleriidae","Acanthogobius,Acentrogobius,Afurcagobius,Akihito,Amblychaeturichthys,Amblyeleotris,Amblygobius,Aphia,Arenigobius,Aruma,Asterropteryx,Astrabe,Awaous,Babka,Barbulifer,Bathygobius,Benthophilus,Boleophthalmus,Bollmannia,Bostrychus,Brachygobius,Bryaninops,Buenia,Butis,Cabillus,Caffrogobius,Callogobius,Calumia,Caragobius,Caspiosoma,Cerdale,Chaenogobius,Chaeturichthys,Chromogobius,Clariger,Clevelandia,Coryphopterus,Cotylopus,Croilia,Cryptocentrus,Crystallogobius,Ctenogobiops,Ctenogobius,Deltentosteus,Dormitator,Drombus,Economidichthys,Elacatinus,Eleotris,Erotelis,Eucyclogobius,Eutaeniichthys,Eviota,Evorthodus,Exyrias,Favonigobius,Fusigobius,Gillichthys,Ginsburgellus,Giuris,Glossogobius,Gnatholepis,Gobiodon,Gobiomorphus,Gobiomorus,Gobionellus,Gobiopterus,Gobiosoma,Gobius,Gobiusculus,Grahamichthys,Guavina,Gunnellichthys,Gymnogobius,Hemieleotris,Hypseleotris,Istigobius,Knipowitschia,Kraemeria,Kribia,Lentipes,Lepidogobius,Leptophilypnus,Lesueurigobius,Lethops,Lophogobius,Luciogobius,Lythrypnus,Mahidolia,Mesogobius,Microdesmus,Microgobius,Microphilypnus,Millerigobius,Mogurnda,Mugilogobius,Myersina,Nemateleotris,Neogobius,Nes,Odontamblyopus,Oligolepis,Ophiocara,Ophiogobius,Oplopomus,Oxyeleotris,Oxyurichthys,Padogobius,Pandaka,Paragobiodon,Paratrypauchen,Parioglossus,Periophthalmus,Philypnodon,Pleurosicya,Pomatoschistus,Ponticola,Priolepis,Proterorhinus,Psammogobius,Pseudaphya,Pseudapocryptes,Pseudogobiopsis,Pseudogobius,Psilotris,Ptereleotris,Pterogobius,Quietula,Ratsirakia,Redigobius,Rhinogobiops,Rhinogobius,Risor,Sagamia,Scartelaos,Schindleria,Sicydium,Sicyopterus,Sicyopus,Signigobius,Smilosicyopus,Stenogobius,Stiphodon,Stonogobiops,Synechogobius,Taenioides,Tateurndina,Thalasseleotris,Thorogobius,Tigrigobius,Tomiyamichthys,Tridentiger,Trimma,Trimmatom,Typhlogobius,Valenciennea,Vanderhorstia,Yongeichthys,Zebrus,Zosterisessor","16_1",-5.08375048998469,2.08704153740955,2.85114122305128,2.02375089795395,7.37713371283395,76.217667,"Eleotridae","Milyeringa,Typhleotris","16_2",-3.25770761366237,1.62011847939827,3.46573590279973,NA,1.79175946922805,76.217667,1,5.5853742436059,-1.82604287632232,0.466923058011284,-0.614594679748445,NA,-0.209162173071091,0.639770856071456,0.0534832137497964,-0.0703981053462545,NA,0.209162173071091,8.73027301978581,7.57787945238454,1.880990602956,1,5.69688884942854,-1.82604287632232,0.65254418006372,-0.209162173071091
"16",17,"Odontobutidae,Rhyacichthyidae","Micropercops,Odontobutis,Perccottus,Rhyacichthys","17_1",-3.64108025698066,3.05877374307819,NA,NA,2.70805020110221,76.809672,"Rhyacichthyidae","Protogobius,Rhyacichthys","17_2",-5.97323177884692,2.484906649788,1.6094379124341,NA,1.09861228866811,76.809672,1,1.6094379124341,2.33215152186626,0.573867093290195,NA,NA,0.266102410234327,0.183639572131445,0.0654792003207781,NA,NA,0.266102410234327,8.7641127331864,3.24337329646859,2.42833629829961,1,0.815036998168982,2.33215152186626,0.0929970920025644,0.266102410234327
"17",18,"Apogonidae","Apogon,Apogonichthyoides,Archamia,Astrapogon,Cercamia,Cheilodipterus,Foa,Fowleria,Glossamia,Gymnapogon,Nectamia,Ostorhinchus,Phaeoptyx,Pristiapogon,Pristicon,Pseudamia,Pterapogon,Rhabdamia,Sphaeramia,Zoramia","18_1",-2.80835684245736,2.17185041106092,3.5220079782575,1.12189866650601,5.68697535633982,94.107677,"Kurtidae","Kurtus","18_2",-3.02051689037662,4.14313472639153,NA,NA,0.693147180559945,94.107677,1,4.99382817577987,0.212160047919264,-1.97128431533061,NA,NA,0.0218701155795344,0.514779292613105,-0.203206099542407,NA,NA,0.0218701155795344,9.70091114277417,5.84932477994686,0.693147180559945,1,5.15617759938691,0.212160047919264,0.531514774591823,0.0218701155795344
"18",19,"Syngnathidae","Bryx,Choeroichthys,Corythoichthys,Cosmocampus,Doryrhamphus,Dunckerocampus,Enneacampus,Entelurus,Festucalex,Halicampus,Haliichthys,Hippichthys,Hippocampus,Hypselognathus,Idiotropiscis,Kaupus,Maroubra,Microphis,Nerophis,Penetopteryx,Phycodurus,Phyllopteryx,Pugnaso,Solegnathus,Stigmatopora,Syngnathoides,Syngnathus,Trachyrhamphus,Vanacampus","19_1",-3.7195861148931,2.82997276236573,3.40407085887248,2.33333885522214,5.40717177146012,95.161939,"Centriscidae","Aeoliscus,Macroramphosus,Notopogon","19_2",-4.50523435737549,2.81677106544216,5.46882219954767,1.77749056800898,2.19722457733622,95.161939,1,3.2099471941239,0.785648242482393,0.0132016969235687,-2.06475134067518,0.555848287213161,0.080537195442175,0.329053297077809,0.00135331257401195,-0.211658695675345,0.0569802867528057,0.080537195442175,9.75509810304335,5.70044357339069,2.484906649788,1,3.21553692360269,0.785648242482393,0.32962630305066,0.080537195442175
"19",20,"Callionymidae,Champsodontidae,Mullidae","Bathycallionymus,Callionymus,Champsodon,Dactylopus,Diplogrammus,Draculo,Foetorepus,Mulloidichthys,Mullus,Parupeneus,Pseudupeneus,Synchiropus,Tonlesapia,Upeneichthys,Upeneus","20_1",-4.09007369537145,2.80801609901648,4.8515503932935,1.67374973321407,5.59098698051086,92.675403,"Fistulariidae","Fistularia","20_2",-4.10578980990684,5.01231009196464,5.0905596445672,1.24330669168754,1.38629436111989,92.675403,1,4.20469261939097,0.0157161145353877,-2.20429399294817,-0.239009251273703,0.430443041526529,0.00163253666398345,0.436769205676129,-0.228974582336077,-0.024827470228533,0.0447129629569904,0.00163253666398345,9.62680647982497,5.69933928495883,1.41827740697294,1,4.28106187798589,0.0157161145353877,0.444702185190672,0.00163253666398345
"20",21,"Ariommatidae,Nomeidae","Ariomma,Cubiceps,Psenes","21_1",-4.20385534500301,3.62049896446486,6.09718285620748,1.88088750097446,3.13549421592915,60.62619,"Stromateidae","Pampus,Peprilus,Stromateus","21_2",-3.80792766476679,3.48467268093007,4.76111034918927,2.92160261606087,2.70805020110221,60.62619,1,0.42744401482694,-0.395927680236221,0.135826283534793,1.33607250701821,-1.04071511508641,-0.0508493876400306,0.054897061987124,0.0174443053313289,0.171593127270169,-0.133660082261222,0.0508493876400306,7.78628216801832,3.18345587963694,2.70805020110221,1,0.47540567853473,-0.395927680236221,0.0610568263872366,-0.0508493876400306
"21",22,"Scombridae,Trichiuridae,Ariommatidae,Bramidae,Nomeidae,Gempylidae,Icosteidae,Stromateidae,Tetragonuridae","Acanthocybium,Allothunnus,Aphanopus,Ariomma,Assurger,Auxis,Benthodesmus,Brama,Cubiceps,Cybiosarda,Diplospinus,Euthynnus,Evoxymetopon,Gasterochisma,Gempylus,Grammatorcynus,Gymnosarda,Icosteus,Katsuwonus,Lepidopus,Lepturacanthus,Nealotus,Neoepinnula,Nesiarchus,Pampus,Paradiplospinus,Peprilus,Promethichthys,Psenes,Pterycombus,Rastrelliger,Rexea,Ruvettus,Sarda,Scomber,Scomberomorus,Stromateus,Taractes,Taractichthys,Tetragonurus,Thunnus,Thyrsites,Trichiurus,Xenobrama","22_1",-3.9834116015158,4.40513059805498,5.86176256814981,1.7149926591599,5.12396397940326,68.884826,"Arripidae,Centrolophidae,Gempylidae,Pomatomidae","Arripis,Centrolophus,Hyperoglyphe,Icichthys,Lepidocybium,Pomatomus,Psenopsis,Schedophilus,Seriolella","22_2",-4.09091046548782,4.39927389118961,6.2322424411629,2.92555354115234,3.55534806148941,68.884826,1,1.56861591791385,0.107498863972019,0.00585670686536854,-0.370479873013084,-1.21056088199244,0.0129521567546298,0.18899696709275,0.000705653832824828,-0.0446378055767159,-0.145856186058582,0.0129521567546298,8.29968830740047,5.31039414777349,3.72328088083127,1,1.58711326694222,0.107498863972019,0.191225647055572,0.0129521567546298
"22",23,"Arripidae","Arripis","23_1",-3.69683098390156,4.10110421821822,3.66356164612965,3.56645876261135,1.38629436111989,61.35623,"Gempylidae,Pomatomidae","Lepidocybium,Pomatomus","23_2",-3.57020792439644,5.08292590850181,6.15069141266725,1.42665686234713,0.693147180559945,61.35623,1,0.693147180559945,-0.126623059505119,-0.981821690283586,-2.4871297665376,2.13980190026422,-0.0161652888596509,0.0884903937702683,-0.125343924670081,-0.31751855676723,0.273177065499689,0.0161652888596509,7.83302176685345,1.47704872438835,1.78842056796254,-1,0.311371843574186,0.126623059505119,0.0397511781330418,0.0161652888596509
"23",24,"Psychrolutidae","Artediellus,Artedius,Chitonotus,Clinocottus,Cottiusculus,Cottunculus,Dasycottus,Ebinania,Enophrys,Eurymen,Gymnocanthus,Icelinus,Icelus,Leiocottus,Malacocottus,Megalocottus,Myoxocephalus,Oligocottus,Orthonopias,Psychrolutes,Radulinus,Rastrinus,Ruscarius,Taurulus,Trichocottus,Triglops,Zesticelus","24_1",-5.2290059520513,2.92528939429428,5.68397591315843,3.87186216760755,5.00394630594546,35.003989,"Cottidae,Jordaniidae","Abyssocottus,Asprocottus,Batrachocottus,Comephorus,Cottinella,Cottocomephorus,Cottus,Cyphocottus,Jordania,Leocottus,Leptocottus,Limnocottus,Paracottus,Procottus,Trachidermus","24_2",-5.34319032043532,2.81428978733746,5.77904886898177,3.87964219518861,4.62497281328427,35.003989,1,0.378973492661189,0.114184368384024,0.110999606956816,-0.0950729558233441,-0.00778002758105956,0.0192995811835648,0.0640545618594237,0.0187612889235597,-0.0160693469276204,-0.00131498974891243,0.0192995811835648,5.91641690552652,5.39816270151775,4.69455374712278,1,0.703608954394976,0.114184368384024,0.118924843470333,0.0192995811835648
"24",26,"Liparidae","Acantholiparis,Careproctus,Crystallichthys,Edentoliparis,Elassodiscus,Liparis,Lipariscus,Nectoliparis,Paraliparis,Psednos,Rhinoliparis,Rhodichthys","26_1",-3.59564415265442,2.41463099872314,7.0999129501983,3.99851378183926,5.89440283426485,39.605163,"Cyclopteridae","Aptocyclus,Cyclopterus,Eumicrotremus","26_2",-4.20018852805647,3.47183460812393,6.87829015397168,4.01022197725959,2.83321334405622,39.605163,1,3.06118949020863,0.60454437540205,-1.05720360940079,0.221622796226622,-0.0117081954203262,0.0960621455518363,0.486423234315276,-0.167989731004685,0.035215878560723,-0.00186043311025552,0.0960621455518363,6.29326330292957,5.99018873360393,3.33825758188828,1,2.65193115171565,0.60454437540205,0.421392054338669,0.0960621455518363
"25",30,"Hypoptychidae","Aulichthys,Hypoptychus","30_1",-4.007378186245,2.42601513195981,NA,3.7853087726824,0.693147180559945,37.396016,"Aulorhynchidae","Aulorhynchus","30_2",-3.70557810373699,2.89037175789616,3.40119738166216,3.83068516485709,0,37.396016,1,0.693147180559945,-0.301800082508014,-0.464356625936356,NA,-0.0453763921746919,-0.0493522191466437,0.113347721019806,-0.075934472167676,NA,-0.00742022875566968,0.0493522191466437,6.11522820506316,0.693147180559945,0,1,0.693147180559945,-0.301800082508014,0.113347721019806,-0.0493522191466437
"26",31,"Triglidae","Bellator,Chelidonichthys,Eutrigla,Lepidotrigla,Prionotus,Trigla,Trigloporus","31_1",-4.3137700341679,3.54388240973043,5.47088373239124,3.28512569783476,4.56434819146784,61.369975,"Peristediidae","Gargariscus,Peristedion,Satyrichthys,Scalicus","31_2",-4.34019395107195,3.43275335932364,5.96557458527999,1.81921167595958,3.66356164612965,61.369975,1,0.90078654533819,0.026423916904049,0.111129050406791,-0.494690852888749,1.46591402187518,0.00337302237241105,0.1149857222616,0.0141856627315333,-0.0631474629700024,0.187124445242953,0.00337302237241105,7.83389909304428,4.82028156560504,3.78418963391826,1,1.03609193168678,0.026423916904049,0.132257502857896,0.00337302237241105
"27",32,"Sebastidae,Scorpaenidae","Adelosebastes,Brachypterois,Dendrochirus,Helicolenus,Hozukius,Neomerinthe,Pontinus,Pterois,Scorpaenodes,Sebastes,Sebastiscus,Sebastolobus,Trachyscorpia","32_1",-3.98425773320019,3.4402530578627,5.73159944575913,2.58147948054424,5.35185813347607,55.396417,"Scorpaenidae,Setarchidae","Caracanthus,Iracundus,Neomerinthe,Parascorpaena,Scorpaena,Scorpaenodes,Scorpaenopsis,Sebastapistes,Setarches,Taenianotus","32_2",-3.89065297969195,2.71531676494147,4.37860331192319,1.43881049623827,5.03695260241363,55.396417,1,0.314905531062437,-0.0936047535082341,0.724936292921226,1.35299613383594,1.14266898430597,-0.0125764209706093,0.0423096517664151,0.0974000107360818,0.181784026056228,0.153525175144298,0.0125764209706093,7.44287693032741,5.33595028135489,4.6456401185418,1,0.690310162813083,-0.0936047535082341,0.0927477599421648,-0.0125764209706093
"28",35,"Centrarchidae","Acantharchus,Ambloplites,Archoplites,Centrarchus,Enneacanthus,Lepomis,Micropterus,Pomoxis","35_1",-3.97581513851593,3.4562897831245,1.94591014905531,NA,3.63758615972639,62.097934,"Elassomatidae","Elassoma","35_2",-3.65819507198294,1.2226589483912,NA,NA,1.94591014905531,62.097934,1,1.69167601067107,-0.317620066532984,2.23363083473329,NA,NA,-0.0403059680848455,0.214673587976615,0.283447623825549,NA,NA,0.0403059680848455,7.88022423538823,3.63758615972639,2.02419306744936,1,1.61339309227703,-0.317620066532984,0.204739490157102,-0.0403059680848455
"29",36,"Aplodactylidae,Cheilodactylidae,Chironemidae,Latridae","Aplodactylus,Cheilodactylus,Chirodactylus,Chironemus,Latridopsis,Latris,Nemadactylus","36_1",-4.37674063024464,4.05170546272572,4.50494064533055,3.49455072692013,3.71357206670431,73.990469,"Cirrhitidae","Amblycirrhitus,Cirrhitichthys,Cirrhitus,Itycirrhitus,Neocirrhites,Notocirrhitus,Paracirrhites","36_2",-4.19334203173134,2.69955970385657,3.38394550583314,1.43826480750455,3.25809653802148,73.990469,1,0.455475528682826,-0.183398598513301,1.35214575886915,1.12099513949741,2.05628591941557,-0.021321027115645,0.0529513648211165,0.157193875105118,0.130321430804157,0.23905377795021,0.021321027115645,8.60177127108132,3.76120011569356,3.49650756146648,1,0.264692554227082,-0.183398598513301,0.0307718661523777,-0.021321027115645
"30",37,"Terapontidae","Amniataba,Bidyanus,Hannia,Helotes,Hephaestus,Leiopotherapon,Mesopristes,Pelates,Pelsartia,Pingalla,Rhynchopelates,Scortum,Syncomistes,Terapon,Variichthys","37_1",-4.34084630436356,3.14085105638976,3.85390520971322,1.09575029374495,3.93182563272433,52.823906,"Kuhliidae","Kuhlia","37_2",-4.10053870638543,3.0539529064197,1.96637688965579,1.94263579388119,2.63905732961526,52.823906,1,1.29276830310907,-0.240307597978137,0.0868981499700574,1.88752832005743,-0.846885500136238,-0.0330637605200911,0.177871119937921,0.0119562579145348,0.259703750003555,-0.116522405450492,0.0330637605200911,7.26800564116457,3.95354875225664,2.69462718077007,1,1.25892157148657,-0.240307597978137,0.173214170935186,-0.0330637605200911
"31",38,"Percophidae,Epigonidae,Creediidae","Enigmapercis,Epigonus,Limnichthys,Matsubaraea,Osopsaron,Pteropsaron,Rosenblattia,Tewara","38_1",-4.36615328551759,2.00254939220219,4.37146525007449,1.36564011698536,4.02535169073515,73.058255,"Scombropidae","Scombrops","38_2",-4.30063099646989,4.89906351843915,5.99146454710798,1.74828444171189,1.09861228866811,73.058255,1,2.92673940206704,-0.0655222890477036,-2.89651412623696,-1.61999929703349,-0.382644324726526,-0.00766574580195439,0.342412339539536,-0.338876149264824,-0.189530967108952,-0.0447672718481871,0.00766574580195439,8.54741218147341,4.34289591747084,1.57484646766448,1,2.76804944980636,-0.0655222890477036,0.323846491901506,-0.00766574580195439
"32",40,"Ammodytidae,Pinguipedidae","Ammodytes,Hyperoplus,Parapercis","40_1",-4.21103569422231,3.2505578224268,4.0191658582946,2.96657536296875,4.4188406077966,75.386392,"Cheimarrichthyidae,Pinguipedidae","Cheimarrichthys,Pinguipes","40_2",-3.53970111591324,3.47827272157578,5.01063529409626,3.72275843754586,1.09861228866811,75.386392,1,3.32022831912849,-0.671334578309076,-0.227714899148981,-0.991469435801653,-0.756183074577107,-0.0773201232570414,0.382403158084228,-0.0262267796692544,-0.114191256429636,-0.0870924430534431,0.0773201232570414,8.68253373157859,4.63589335863093,2.18380155700408,1,2.45209180162685,-0.671334578309076,0.282416616788776,-0.0773201232570414
"33",41,"Sillaginidae","Sillaginodes,Sillaginopodys,Sillago","41_1",-4.42755761575521,3.72975949310882,3.55121999406307,2.01161276281717,3.43398720448515,89.0055,"Moronidae","Dicentrarchus,Morone","41_2",-4.20668353745373,4.34506409048898,4.60517018598809,3.68427699149898,1.79175946922805,89.0055,1,1.64222773525709,-0.220874078301474,-0.615304597380163,-1.05395019192503,-1.67266422868181,-0.023411882085117,0.174070413288924,-0.0652201416801503,-0.111715045091239,-0.177296575456181,0.023411882085117,9.43427262697024,3.49650756146648,1.79175946922805,1,1.70474809223843,-0.220874078301474,0.180697353112838,-0.023411882085117
"34",42,"Haemulidae","Anisotremus,Brachydeuterus,Conodon,Diagramma,Emmelichthyops,Genyatremus,Haemulon,Haemulopsis,Isacia,Microlepidotus,Orthopristis,Parapristipoma,Plectorhinchus,Pomadasys,Xenichthys,Xenistius","42_1",-5.06690156235836,3.63897077677731,4.08253367919684,2.19873492663927,4.89783979995091,66.324026,"Lutjanidae","Aphareus,Aprion,Apsilus,Caesio,Dipterygonotus,Etelis,Gymnocaesio,Lutjanus,Macolor,Ocyurus,Paracaesio,Pristipomoides,Pterocaesio,Rhomboplites,Symphorichthys,Symphorus","42_2",-5.04653993715163,4.0221697183507,5.01060070232297,0.739975391530508,4.84418708645859,66.324026,1,0.0536527134923199,-0.0203616252067214,-0.383198941573391,-0.928067023126133,1.45875953510876,-0.00250021294108895,0.00658804035710054,-0.0470531670731823,-0.113957759160202,0.179121726806556,0.00250021294108895,8.14395640951006,4.91998092582813,4.89034912822175,1,0.0296317976063714,-0.0203616252067214,0.0036385014993166,-0.00250021294108895
"35",43,"Chaetodontidae","Amphichaetodon,Chaetodon,Chelmon,Chelmonops,Coradion,Forcipiger,Hemitaurichthys,Heniochus,Johnrandallia,Prognathodes","43_1",-4.17439476992376,2.9101366542188,4.07071086580336,1.65494643932692,4.8283137373023,66.091053,"Leiognathidae","Aurigequula,Equulites,Eubleekeria,Gazza,Karalla,Leiognathus,Nuchequula,Photopectoralis,Secutor","43_2",-4.0337670003365,2.64172570115087,4.16471631971583,0.373485000817228,3.87120101090789,66.091053,1,0.95711272639441,-0.140627769587266,0.268410953067927,-0.0940054539124642,1.28146143850969,-0.0172981537563097,0.117731250036056,0.0330163377380839,-0.011563297921044,0.157628305285513,0.0172981537563097,8.12964039795119,4.85981240436167,3.87120101090789,1,0.988611393453781,-0.140627769587266,0.121605796205073,-0.0172981537563097
"36",44,"Hapalogenyidae","Hapalogenys","44_1",-3.26132674954177,3.40281436333252,5.02162474745564,1.96140749477484,1.94591014905531,52.182663,"Lobotidae","Lobotes","44_2",-3.72552269181277,4.65282527589025,4.24849524204936,1.06047704457579,0.693147180559945,52.182663,1,1.25276296849537,0.464195942271008,-1.25001091255773,0.773129505406284,0.900930450199056,0.0642596300005861,0.17342263794919,-0.1730416650018,0.107025959160451,0.124717715331198,0.0642596300005861,7.22375684806735,2.09556092355972,2.02683159140754,1,0.0687293321521807,0.464195942271008,0.0095143473953679,0.0642596300005861
"37",45,"Sparidae","Acanthopagrus,Archosargus,Argyrops,Argyrozona,Boops,Calamus,Cheimerius,Chrysoblephus,Chrysophrys,Cymatoceps,Dentex,Diplodus,Evynnis,Gymnocrotaphus,Lagodon,Lithognathus,Oblada,Pachymetopon,Pagellus,Pagrus,Parargyrops,Petrus,Polyamblyodon,Polysteganus,Porcostoma,Pterogymnus,Rhabdosargus,Sarpa,Sparidentex,Sparodon,Sparus,Spicara,Spondyliosoma,Stenotomus,Virididentex","45_1",-4.16544858920184,4.040624851644,4.69012651135451,3.12055474057616,4.9416424226093,84.089783,"Nemipteridae","Nemipterus,Parascolopsis,Pentapodus,Scolopsis","45_2",-3.81983131943867,3.2964040538186,4.41266892307887,0.122422650259947,4.18965474202643,84.089783,1,0.751987680582879,-0.345617269763165,0.744220797825403,0.277457588275639,2.99813209031621,-0.0376897988167967,0.082004769071001,0.0811577852129215,0.0302569390975987,0.326948347771026,0.0376897988167967,9.17004814600229,4.95842930262565,4.21316409756408,1,0.745265205061571,-0.345617269763165,0.0812716785338223,-0.0376897988167967
"38",46,"Acanthuridae","Acanthurus,Ctenochaetus,Naso,Paracanthurus,Prionurus,Zebrasoma","46_1",-4.23602334055404,3.5247714409199,3.744566651446,1.41056971760652,4.40671924726425,67.390426,"Zanclidae","Zanclus","46_2",-4.18396297093132,3.13549421592915,5.2040066870768,0.0250305636642689,0,67.390426,1,4.40671924726425,-0.0520603696227191,0.389277224990755,-1.4594400356308,1.38553915394226,-0.00634173581799213,0.536804665290261,0.047419819312522,-0.177781740991184,0.168779502401988,0.00634173581799213,8.20916719283997,4.40671924726425,0,1,4.40671924726425,-0.0520603696227191,0.536804665290261,-0.00634173581799213
"39",47,"Caproidae,Siganidae","Capros,Siganus","47_1",-2.87999577507139,3.46161476349772,4.96783728313695,2.11628127512816,3.36729582998647,68.543859,"Caproidae","Antigonia","47_2",-3.97060596286044,2.94460902860593,6.59802660569551,0.300656895104304,2.83321334405622,68.543859,1,0.534082485930258,1.09061018778905,0.517005734891796,-1.63018932255856,1.81562438002385,0.13173017675343,0.0645095571820502,0.0624469288865716,-0.196903650824624,0.219301564551899,0.13173017675343,8.2791218737255,3.51035069555868,2.85761897142436,1,0.652731724134321,1.09061018778905,0.0788406951956851,0.13173017675343
"40",48,"Priacanthidae","Cookeolus,Heteropriacanthus,Priacanthus,Pristigenys","48_1",-3.85205742426071,3.80177010542879,5.58660610332372,0.176422938373463,2.94443897916644,62.729729,"Scatophagidae","Scatophagus,Selenotoca","48_2",-3.49632707775465,3.6041356124041,1.6094379124341,0.881335463868211,1.38629436111989,62.729729,1,1.55814461804655,-0.355730346506066,0.197634493024683,3.97716819088962,-0.704912525494748,-0.044914255967836,0.196730211232219,0.0249531879834512,0.502154375940219,-0.0890017450464123,0.044914255967836,7.92021016135304,2.94496515650034,1.54543258245819,1,1.39953257404215,-0.355730346506066,0.176703969406168,-0.044914255967836
"41",49,"Tetraodontidae","Arothron,Auriglobus,Canthigaster,Carinotetraodon,Chelonodon,Chonerhinos,Colomesus,Lagocephalus,Marilyna,Monotrete,Omegophora,Pelagocephalus,Polyspina,Reicheltia,Sphoeroides,Takifugu,Tetractenos,Tetraodon,Torquigener,Tylerius","49_1",-3.50779824957223,2.92129803116223,3.91837542222317,2.37713884763076,5.20948615284142,71.846799,"Diodontidae","Allomycterus,Chilomycterus,Cyclichthys,Diodon","49_2",-3.93243938353083,3.77467096266611,4.57693466372073,1.81503924437362,2.70805020110221,71.846799,1,2.50143595173921,0.424641133958599,-0.853372931503885,-0.658559241497564,0.562099603257147,0.0500977647510476,0.295111188786204,-0.100678132541822,-0.0776946539484089,0.0663146629911252,0.0500977647510476,8.47624911148793,5.25227342804663,2.89037175789616,1,2.36190167015047,0.424641133958599,0.278649393037465,0.0500977647510476
"42",50,"Monacanthidae","Acanthaluteres,Acreichthys,Aluterus,Amanses,Brachaluteres,Cantherhines,Chaetodermis,Eubalichthys,Meuschenia,Monacanthus,Nelusetta,Oxymonacanthus,Paraluteres,Paramonacanthus,Pervagor,Pseudalutarius,Pseudomonacanthus,Rudarius,Scobinichthys,Stephanolepis,Thamnaconus","50_1",-3.40470847241567,3.10529238116944,4.06384510939388,1.74986017237165,4.62497281328427,60.571481,"Balistidae","Abalistes,Balistapus,Balistes,Balistoides,Canthidermis,Melichthys,Odonus,Pseudobalistes,Rhinecanthus,Sufflamen,Xanthichthys","50_2",-3.6747670048259,3.78714250580969,4.1635362144734,0.85642292130975,3.71357206670431,60.571481,1,0.911400746579963,0.270058532410222,-0.681850124640257,-0.0996911050795193,0.893437251061897,0.034699547146583,0.117104958296016,-0.0876102315142498,-0.012809209062675,0.114796846961471,0.034699547146583,7.78276820931987,4.68213122712422,3.73766961828337,1,0.944461608840852,0.270058532410222,0.121352914983368,0.034699547146583
"43",51,"Triacanthidae","Pseudotriacanthus,Triacanthus,Trixiphichthys","51_1",-3.53376638039342,3.32892471748301,4.32307073263672,0.432828310856216,1.38629436111989,69.594595,"Triacanthodidae","Parahollardia,Triacanthodes,Tydemania","51_2",-3.257376297457,2.56732151719572,6.17227072880939,2.0696135013504,1.94591014905531,69.594595,-1,0.559615787935423,0.276390082936422,-0.761603200287295,1.84919999617267,1.63678519049418,0.0331310118854278,0.0670814130680168,-0.0912937411234921,0.221664491000651,0.196202226302849,0.0331310118854278,8.34233750216329,1.94591014905531,3.13549421592915,-1,1.18958406687384,0.276390082936422,0.142596012995801,0.0331310118854278
"44",52,"Ostraciidae","Acanthostracion,Lactophrys,Lactoria,Ostracion,Rhinesomus,Rhynchostracion,Tetrosomus","52_1",-4.29777050823675,3.59162651051039,4.2408637704582,1.47611264870918,3.2188758248682,49,"Aracanidae","Anoplocapros,Aracana,Caprichthys,Capropygia,Kentrocapros","52_2",-3.68902071409066,2.77956539648759,5.20972400353512,3.23786140482211,2.484906649788,49,1,0.7339691750802,-0.608749794146094,0.812061114022796,-0.968860233076925,-1.76174875611293,-0.0869642563065849,0.104852739297171,0.116008730574685,-0.138408604725275,-0.251678393730419,0.0869642563065849,7,3.25809653802148,2.56494935746154,1,0.693147180559945,-0.608749794146094,0.0990210257942779,-0.0869642563065849
"45",53,"Oneirodidae","Bertella,Lophodolos,Oneirodes","53_1",-3.77779810333691,2.69048534801287,7.64785112219281,2.81011761169851,3.63758615972639,38.263467,"Himantolophidae,Melanocetidae","Himantolophus,Melanocetus","53_2",-4.24247340973086,2.04430626386049,7.93961376709182,1.58724944856715,3.29583686600433,38.263467,1,0.341749293722057,0.46467530639395,0.646179084152386,-0.291762644899007,1.22286816313136,0.0751203209581978,0.0552478607715672,0.10446257748168,-0.0471669211314722,0.197691264502248,0.0751203209581978,6.18574708503346,4.18813844150846,4.27597143333338,-1,0.0878329918249152,-0.46467530639395,0.0141992536418808,-0.0751203209581978
"46",54,"Stephanoberycidae,Barbourisiidae,Berycidae,Cetomimidae,Melamphaidae,Rondeletiidae","Acanthochaenus,Barbourisia,Beryx,Centroberyx,Cetomimus,Cetostoma,Ditropichthys,Gyrinomimus,Melamphaes,Parataeniophorus,Poromitra,Rondeletia,Scopeloberyx,Scopelogadus,Sio","54_1",-4.37071089977556,2.70729565832384,7.60385310891733,1.72821460681926,4.52178857704904,112.871622,"Anoplogastridae,Trachichthyidae,Diretmidae,Monocentridae","Anoplogaster,Aulotrachichthys,Diretmichthys,Diretmus,Gephyroberyx,Hoplostethus,Monocentris,Paratrachichthys","54_2",-3.72464135585788,3.17302004749266,6.9188817424241,1.62050036446288,3.95124371858143,112.871622,1,0.570544858467613,-0.64606954391768,-0.465724389168822,0.68497136649323,0.10771424235638,-0.060811663771604,0.053702859740701,-0.0438365733704647,0.0644733199769433,0.0101386644073473,0.060811663771604,10.6241057035404,4.75427960857593,4.17315574264639,1,0.581123865929542,-0.64606954391768,0.054698614843025,-0.060811663771604
"47",55,"Trachipteridae,Lophotidae,Regalecidae","Desmodema,Lophotus,Regalecus,Trachipterus,Zu","55_1",-3.82552425981153,5.39303346115176,5.75399279259366,1.19912656933979,2.70805020110221,86.820867,"Lamprididae,Veliferidae","Lampris,Metavelifer,Velifer","55_2",-3.00229375305584,4.00682761015312,5.46016592793808,1.99030647211447,1.38629436111989,86.820867,1,1.32175583998232,-0.823230506755691,1.38620585099863,0.293826864655582,-0.79117990277468,-0.0883505783240875,0.141853213537838,0.148770104614586,0.0315340274764357,-0.0849108498712168,0.0883505783240875,9.3177715683526,2.83907846350861,1.58923520511658,1,1.24984325839203,-0.823230506755691,0.134135425967843,-0.0883505783240875
"48",56,"Gadidae,Lotidae,Gaidropsaridae,Phycidae","Arctogadus,Boreogadus,Brosme,Ciliata,Eleginus,Enchelyopus,Gadiculus,Gadus,Gaidropsarus,Lota,Melanogrammus,Merlangius,Microgadus,Micromesistius,Molva,Phycis,Pollachius,Theragra,Trisopterus,Urophycis","56_1",-3.85587899481011,4.10760886063288,6.18481667289383,3.95542731468033,4.06044301054642,62.033951,"Gadidae,Lotidae,Gaidropsaridae,Phycidae","Arctogadus,Boreogadus,Brosme,Ciliata,Eleginus,Enchelyopus,Gadiculus,Gadus,Gaidropsarus,Lota,Melanogrammus,Merlangius,Microgadus,Micromesistius,Molva,Phycis,Pollachius,Theragra,Trisopterus,Urophycis","56_2",-3.92733970954004,4.10760886063288,6.18481667289383,3.95542731468033,4.06044301054642,62.033951,-1,0,-0.0714607147299327,0,0,0,-0.00907303600359149,0,0,0,0,0.00907303600359149,7.87616346960879,4.23280130536912,3.1389664416399,1,1.09383486372922,0.0714607147299327,0.138879146928568,0.00907303600359149
"49",57,"Oreosomatidae,Cyttidae,Grammicolepididae","Allocyttus,Cyttus,Grammicolepis,Neocyttus,Oreosoma,Pseudocyttus,Xenolepidichthys","57_1",-4.1216952042449,3.59522442116663,6.99034911268005,3.05111074073472,2.70805020110221,54.949999,"Zeidae","Zenopsis,Zeus","57_2",-3.92733970954004,4.40753530434594,6.09283082413502,2.62063733275635,1.79175946922805,54.949999,1,0.916290731874155,-0.194355494704861,-0.812310883179314,0.897518288545025,0.430473407978362,-0.0262188101490232,0.123608816806542,-0.109581799374418,0.121076389676415,0.0580714251229523,0.0262188101490232,7.41282665384804,2.77008559202166,1.79674701073909,1,0.973338581282569,-0.194355494704861,0.131304646221196,-0.0262188101490232
"50",58,"Notosudidae,Alepisauridae,Scopelarchidae,Evermannellidae,Paralepididae,Chlorophthalmidae,Sudidae","Ahliesaurus,Alepisaurus,Anotopterus,Benthalbella,Coccorella,Evermannella,Lestidiops,Lestidium,Lestrolepis,Macroparalepis,Magnisudis,Notolepis,Omosudis,Parasudis,Scopelosaurus,Stemonosudis,Sudis","58_1",-4.42201564289025,3.31475659171672,7.38110427281048,1.63863847675672,4.43081679884331,76.57157,"Chlorophthalmidae","Chlorophthalmus","58_2",-4.80191526344777,3.12709447840294,6.2803017564886,1.01740548351432,2.77258872223978,76.57157,1,1.65822807660353,0.379899620557525,0.187662113313777,1.10080251632188,0.621232993242398,0.0434145280107687,0.189500555894991,0.0214458284087372,0.125798550704117,0.0709938513409276,0.0434145280107687,8.75051827036548,4.69272308299595,2.8100049236252,1,1.88271815937075,0.379899620557525,0.215155045815602,0.0434145280107687
"51",59,"Salangidae,Plecoglossidae","Hemisalanx,Leucosoma,Neosalangichthys,Neosalanx,Plecoglossus,Protosalanx,Salangichthys,Salanx","59_1",-3.88110590279342,2.39694197334332,NA,3.52461178968356,3.13549421592915,68.761268,"Osmeridae","Allosmerus,Hypomesus,Mallotus,Osmerus,Spirinchus,Thaleichthys","59_2",-5.29352884981624,3.31831506625346,5.14454234360851,3.94709288861313,2.70805020110221,68.761268,1,0.42744401482694,1.41242294702282,-0.92137309291014,NA,-0.422481098929571,0.17033065887698,0.0515474637621545,-0.111112670831147,NA,-0.050948962628672,0.17033065887698,8.29224143401529,3.13549421592915,2.70805020110221,1,0.42744401482694,1.41242294702282,0.0515474637621545,0.17033065887698
"52",60,"Umbridae,Esocidae","Dallia,Esox,Novumbra","60_1",-4.3737212203108,3.46559957074191,2.59647842544511,NA,2.39789527279837,101.351657,"Umbridae","Umbra","60_2",-4.37865233403493,2.69655550216852,NA,NA,1.09861228866811,101.351657,1,1.29928298413026,0.00493111372413679,0.769044068573389,NA,NA,0.000489812192994779,0.129059008447234,0.0763898751500604,NA,NA,0.000489812192994779,10.0673560084066,2.39789527279837,1.09861228866811,1,1.29928298413026,0.00493111372413679,0.129059008447234,0.000489812192994779
"53",61,"Argentinidae,Opisthoproctidae,Microstomatidae","Argentina,Macropinna,Nansenia,Rhynchohyalus","61_1",-3.9194001497672,2.97259668521665,6.87858894423093,2.6868957027453,3.46573590279973,65.16813,"Bathylagidae","Bathylagus,Dolicholagus,Lipolagus,Pseudobathylagus","61_2",-3.35040921483005,2.89611712641738,8.27981522976636,2.81125753777414,2.30258509299405,65.16813,1,1.16315080980568,-0.568990934937144,0.0764795587992682,-1.40122628553543,-0.124361835028849,-0.0704835415629605,0.144084876248488,0.00947387705208446,-0.173576387726739,-0.0154052763056237,0.0704835415629605,8.07267799432134,4.17438726989564,3.09104245335832,1,1.08334481653732,-0.568990934937144,0.134198938357183,-0.0704835415629605
"54",62,"Nemacheilidae","Acanthocobitis,Barbatula,Claea,Homatula,Lefua,Nemacheilus,Oreonectes,Oxynoemacheilus,Paracobitis,Schistura,Sectoria,Traccatichthys,Triplophysa,Tuberoschistura,Yunnanilus","62_1",-4.37971056882621,2.27978994069313,0.693147180559945,NA,6.28599809450886,58.900779,"Balitoridae,Barbuccidae,Serpenticobitidae","Balitora,Barbucca,Beaufortia,Erromyzon,Formosania,Gastromyzon,Glaniopsis,Hemimyzon,Homaloptera,Jinshaia,Lepturichthys,Liniparhomaloptera,Metahomaloptera,Pseudogastromyzon,Serpenticobitis,Sewellia,Sinogastromyzon,Vanmanenia","62_2",-4.05295762731072,1.98702048763458,2.30258509299405,NA,5.38449506278909,58.900779,1,0.901503031719776,-0.326752941515488,0.292769453058554,-1.6094379124341,NA,-0.042575424477826,0.117464510236696,0.0381474262490093,-0.209707377001043,NA,0.042575424477826,7.67468429318106,6.40191719672719,5.15033926377654,1,1.25157793295065,-0.326752941515488,0.163078751534141,-0.042575424477826
"55",63,"Mochokidae","Atopochilus,Chiloglanis,Euchilichthys,Mochokiella,Mochokus,Synodontis","63_1",-3.86171019155456,2.12204418766239,4.54705239027317,NA,5.27299955856375,57.251842,"Malapteruridae","Malapterurus,Paradoxoglanis","63_2",-3.56790152756103,3.40269322386252,NA,NA,3.04452243772342,57.251842,1,2.22847712084032,-0.293808663993524,-1.28064903620013,NA,NA,-0.0388302213585531,0.294519088438483,-0.169252617953312,NA,NA,0.0388302213585531,7.5664946970179,5.34233425196481,3.05964559929764,1,2.28268865266717,-0.293808663993524,0.301683770896822,-0.0388302213585531
"56",64,"Pseudopimelodidae,Pimelodidae,Heptapteridae","Batrochoglanis,Bergiaria,Brachyplatystoma,Calophysus,Cephalosilurus,Cheirocerus,Duopalatinus,Exallodontus,Hemisorubim,Hypophthalmus,Iheringichthys,Leiarius,Lophiosilurus,Luciopimelodus,Megalonema,Microglanis,Parapimelodus,Perrunichthys,Phractocephalus,Phreatobius,Pimelabditus,Pimelodina,Pimelodus,Pinirampus,Platynematichthys,Platysilurus,Platystomatichthys,Pseudopimelodus,Pseudoplatystoma,Sorubim,Sorubimichthys,Steindachneridion,Zungaro","64_1",-4.31491018924034,3.67461138832855,3.10490012910014,NA,4.95582705760126,54.184548,"Pseudopimelodidae,Pimelodidae,Heptapteridae","Batrochoglanis,Bergiaria,Brachyplatystoma,Calophysus,Cephalosilurus,Cheirocerus,Duopalatinus,Exallodontus,Hemisorubim,Hypophthalmus,Iheringichthys,Leiarius,Lophiosilurus,Luciopimelodus,Megalonema,Microglanis,Parapimelodus,Perrunichthys,Phractocephalus,Phreatobius,Pimelabditus,Pimelodina,Pimelodus,Pinirampus,Platynematichthys,Platysilurus,Platystomatichthys,Pseudopimelodus,Pseudoplatystoma,Sorubim,Sorubimichthys,Steindachneridion,Zungaro","64_2",-3.92788565464168,3.67461138832855,3.10490012910014,NA,4.95582705760126,54.184548,-1,0,0.387024534598658,0,0,NA,0.0525776013992906,0,0,0,NA,0.0525776013992906,7.36101541908452,5.01979323188102,3.61199840977798,1,1.40779482210304,-0.387024534598658,0.191250084662658,-0.0525776013992906
"57",65,"Ariidae,Anchariidae,Bagridae","Amissidens,Amphiarius,Ariopsis,Arius,Aspistor,Bagre,Brustiarius,Carlarius,Cathorops,Cephalocassis,Cinetodus,Cochlefelis,Cryptarius,Galeichthys,Genidens,Gogo,Hemiarius,Hexanematichthys,Ketengus,Nedystoma,Nemapteryx,Neoarius,Netuma,Notarius,Occidentarius,Osteogeneiosus,Plicofollis,Potamarius,Potamosilurus,Sciades,Tachysurus","65_1",-3.57199121102616,3.82527302194712,4.14355618508815,1.15427396028898,5.15905529921453,65.05683,"Ictaluridae,Cranoglanididae","Ameiurus,Cranoglanis,Ictalurus,Noturus,Prietella,Pylodictis","65_2",-3.56269173281889,3.90484200737571,1.84443972705697,NA,3.98898404656427,65.05683,1,1.17007125265025,-0.0092994782072684,-0.079568985428589,2.29911645803118,NA,-0.00115295440292365,0.145066074935592,-0.00986500640588168,0.285045718054316,NA,0.00115295440292365,8.06578142525571,5.45579109037223,4.03883185229184,1,1.41695923808039,-0.0092994782072684,0.175675382628592,-0.00115295440292365
"58",66,"Pangasiidae","Helicophagus,Pangasianodon,Pangasius,Pseudolais","66_1",-4.11869360883802,4.51143095218658,NA,NA,3.3322045101752,65.879322,"Plotosidae","Cnidoglanis,Neosilurus,Plotosus,Porochilus,Tandanus","66_2",-3.09553603438792,3.96614422468753,3.74777097194213,1.87410131318618,3.29583686600433,65.879322,1,0.0363676441708747,-1.0231575744501,0.545286727499045,NA,NA,-0.126057289085751,0.00448064574714174,0.0671816036546608,NA,NA,0.126057289085751,8.11660778897194,3.34250838531348,3.68987895444702,-1,0.347370569133544,1.0231575744501,0.0427975058257117,0.126057289085751
"59",67,"Amblycipitidae,Erethistidae,Sisoridae","Amblyceps,Ayarnangra,Bagarius,Caelatoglanis,Conta,Creteuchiloglanis,Erethistes,Erethistoides,Euchiloglanis,Exostoma,Gagata,Glaridoglanis,Glyptosternon,Glyptothorax,Gogangra,Hara,Myersglanis,Nangra,Oreoglanis,Pareuchiloglanis,Pseudecheneis,Pseudexostoma,Pseudolaguvia,Sisor","67_1",-4.2161309129618,2.4147198891845,NA,NA,5.5683445037611,58.067337,"Akysidae,Amblycipitidae","Acrochordonichthys,Akysis,Breitensteinia,Liobagrus,Parakysis,Xiurenbagrus","67_2",-3.72710456304562,2.09330752923107,NA,NA,4.06044301054642,58.067337,1,1.50790149321468,-0.489026349916176,0.321412359953424,NA,NA,-0.0641750633171526,0.197882330511777,0.0421790329998823,NA,NA,0.0641750633171526,7.62019271409851,5.58221729570436,4.29401475735067,1,1.28820253835369,-0.489026349916176,0.169051175827918,-0.0641750633171526
"60",68,"Heptapteridae,Akysidae,Schilbeidae,Amblycipitidae,Ictaluridae,Ariidae,Amphiliidae,Claroteidae,Mochokidae,Erethistidae,Sisoridae,Bagridae,Pseudopimelodidae,Siluridae,Pimelodidae,Chacidae,Plotosidae,Cranoglanididae,Anchariidae,Pangasiidae,Horabagridae,Lacantuniidae,Malapteruridae","Acentronichthys,Acrochordonichthys,Ailia,Akysis,Amblyceps,Ameiurus,Amissidens,Amphiarius,Amphilius,Anaspidoglanis,Ariopsis,Arius,Aspistor,Atopochilus,Auchenoglanis,Ayarnangra,Bagarius,Bagre,Bagrichthys,Bagrus,Batasio,Bathybagrus,Batrochoglanis,Belodontichthys,Belonoglanis,Bergiaria,Brachyplatystoma,Breitensteinia,Brustiarius,Caelatoglanis,Calophysus,Carlarius,Cathorops,Cephalocassis,Cephalosilurus,Ceratoglanis,Cetopsorhamdia,Chaca,Chandramara,Chasmocranus,Cheirocerus,Chiloglanis,Chrysichthys,Cinetodus,Clarotes,Clupisoma,Cnidoglanis,Cochlefelis,Conorhynchos,Conta,Coreobagrus,Cranoglanis,Creteuchiloglanis,Cryptarius,Duopalatinus,Erethistes,Erethistoides,Euchilichthys,Euchiloglanis,Eutropiichthys,Exallodontus,Exostoma,Gagata,Galeichthys,Genidens,Gladioglanis,Glaridoglanis,Glyptosternon,Glyptothorax,Goeldiella,Gogangra,Gogo,Hara,Helicophagus,Hemiarius,Hemibagrus,Hemisilurus,Hemisorubim,Heptapterus,Hexanematichthys,Horabagrus,Hyalobagrus,Hypophthalmus,Ictalurus,Iheringichthys,Imparfinis,Ketengus,Kryptopterus,Lacantunia,Laides,Leiarius,Leiocassis,Liobagrus,Lophiobagrus,Lophiosilurus,Luciopimelodus,Malapterurus,Megalonema,Microglanis,Mochokiella,Mochokus,Myersglanis,Mystus,Nangra,Nanobagrus,Nedystoma,Nemapteryx,Nemuroglanis,Neoarius,Neosilurus,Netuma,Notarius,Noturus,Occidentarius,Olyra,Ompok,Oreoglanis,Osteogeneiosus,Pangasianodon,Pangasius,Paradoxoglanis,Parailia,Parakysis,Parapimelodus,Parauchenoglanis,Pareuchiloglanis,Pareutropius,Pelteobagrus,Perrunichthys,Phalacronotus,Phenacorhamdia,Phractocephalus,Phractura,Phreatobius,Phyllonemus,Pimelabditus,Pimelodella,Pimelodina,Pimelodus,Pinirampus,Platynematichthys,Platysilurus,Platystomatichthys,Plicofollis,Plotosus,Porochilus,Potamarius,Potamosilurus,Prietella,Pseudecheneis,Pseudeutropius,Pseudexostoma,Pseudobagrus,Pseudolaguvia,Pseudolais,Pseudomystus,Pseudopimelodus,Pseudoplatystoma,Pterocryptis,Pylodictis,Rhamdia,Rhamdiopsis,Schilbe,Sciades,Silonia,Silurus,Sisor,Sorubim,Sorubimichthys,Sperata,Steindachneridion,Synodontis,Tachysurus,Tandanus,Taunayia,Wallago,Xiurenbagrus,Zungaro","68_1",-4.67484185923741,3.23415024907702,3.41559338471241,1.2262566955787,7.38523092306657,72.130139,"Clariidae,Heteropneustidae,Bagridae","Bathyclarias,Channallabes,Clariallabes,Clarias,Dinotopterus,Dolichallabes,Gymnallabes,Heterobranchus,Heteropneustes,Platyallabes,Rita,Tanganikallabes","68_2",-3.67190434990797,3.86089205861435,3.43734268886493,NA,4.71849887129509,72.130139,1,2.66673205177148,-1.00293750932944,-0.626741809537333,-0.0217493041525234,NA,-0.118090643574963,0.31399374468129,-0.0737955684727408,-0.00256086675469574,NA,0.118090643574963,8.49294642629989,7.45652965345389,4.83262443288939,1,2.62390522056451,-1.00293750932944,0.308951109409937,-0.118090643574963
"61",70,"Doradidae","Acanthodoras,Agamyxis,Anduzedoras,Centrochir,Centrodoras,Doraops,Doras,Franciscodoras,Hassar,Hemidoras,Kalyptodoras,Leptodoras,Lithodoras,Megalodoras,Nemadoras,Opsodoras,Orinocodoras,Ossancora,Oxydoras,Platydoras,Pterodoras,Rhinodoras,Rhynchodoras,Trachydoras,Wertheimeria","70_1",-4.37477300596257,3.20350238068176,3.17805383034795,NA,4.34380542185368,51.275165,"Auchenipteridae,Doradidae","Ageneiosus,Amblydoras,Anadoras,Astrodoras,Auchenipterichthys,Auchenipterus,Centromochlus,Epapterus,Glanidium,Hypodoras,Liosomadoras,Physopyxis,Pseudepapterus,Scorpiodoras,Tatia,Trachelyopterus,Trachycorystes","70_2",-4.41124949335078,2.62486312369057,NA,NA,4.64439089914137,51.275165,-1,0.300585477287688,-0.0364764873882111,-0.578639256991197,NA,NA,-0.0050940062878571,0.0419772960879144,-0.0808080005660511,NA,NA,0.0050940062878571,7.16066791577434,4.99267496871926,4.77017602057236,1,0.222498948146905,0.0364764873882111,0.0310723735221345,0.0050940062878571
"62",71,"Loricariidae,Scoloplacidae","Acanthicus,Acestridium,Ancistrus,Aphanotorulus,Apistoloricaria,Chaetostoma,Corumbataia,Corymbophanes,Crossoloricaria,Cteniloricaria,Dasyloricaria,Dekeyseria,Delturus,Epactionotus,Eurycheilichthys,Farlowella,Fonchiiloricaria,Gymnotocinclus,Harttia,Harttiella,Hemiancistrus,Hemipsilichthys,Hisonotus,Hypancistrus,Hypoptopoma,Hypostomus,Isbrueckerichthys,Ixinandria,Kronichthys,Lamontichthys,Lasiancistrus,Leporacanthicus,Loricaria,Loricariichthys,Macrotocinclus,Megalancistrus,Microlepidogaster,Neoplecostomus,Otocinclus,Otothyris,Oxyropsis,Panaqolus,Panaque,Parancistrus,Pareiorhaphis,Pareiorhina,Parotocinclus,Peckoltia,Proloricaria,Pseudacanthicus,Pseudancistrus,Pseudohemiodon,Pseudolithoxus,Pseudotocinclus,Pseudotothyris,Pterygoplichthys,Rhinelepis,Rineloricaria,Schizolecis,Scoloplax,Spatuloricaria,Squaliforma,Sturisoma,Sturisomatichthys","71_1",-3.32103876724453,2.48298554540433,2.30258509299405,NA,6.67959918584438,86.188077,"Callichthyidae","Aspidoras,Callichthys,Corydoras,Dianema,Hoplosternum,Lepthoplosternum,Megalechis,Scleromystax","71_2",-3.42906266247097,2.1658198095217,0.621226662447,NA,5.30330490805908,86.188077,1,1.37629427778531,0.108023895226445,0.317165735882631,1.68135843054705,NA,0.0116357997344882,0.148247612794021,0.0341635244464728,0.18110761455813,NA,0.0116357997344882,9.28375338965873,6.79559391209381,5.30330490805908,1,1.49228900403473,0.108023895226445,0.160741991024558,0.0116357997344882
"63",72,"Acestrorhynchidae,Iguanodectidae","Acestrorhynchus,Bryconops,Gilbertolus,Gnathocharax,Heterocharax,Iguanodectes,Piabucus,Roestes","72_1",-3.65085176001728,2.29340333415784,NA,NA,3.98898404656427,69.224409,"Acestrorhynchidae,Iguanodectidae","Acestrorhynchus,Bryconops,Gilbertolus,Gnathocharax,Heterocharax,Iguanodectes,Piabucus,Roestes","72_2",-3.60663609273292,2.29340333415784,NA,NA,3.98898404656427,69.224409,-1,0,0.0442156672843588,0,NA,NA,0.00531430597067205,0,0,NA,NA,0.00531430597067205,8.3201207322971,3.67908161163383,3.40286266098122,1,0.276218950652609,-0.0442156672843588,0.0331989113547812,-0.00531430597067205
"64",73,"Bryconidae,Gasteropelecidae,Triportheidae","Brycon,Carnegiella,Engraulisoma,Gasteropelecus,Henochilus,Salminus,Thoracocharax","73_1",-3.09922786260231,2.54861559746712,NA,NA,4.04305126783455,66.890527,"Triportheidae","Agoniates,Clupeacharax,Lignobrycon,Triportheus","73_2",-3.89777499216294,2.47206089945959,1.6094379124341,NA,3.09104245335832,66.890527,1,0.952008814476234,0.79854712956064,0.0765546980075311,NA,NA,0.0976378582074658,0.116401522463966,0.00936029505645738,NA,NA,0.0976378582074658,8.17866291028063,4.17454110421638,3.5720646995221,1,0.602476404694276,0.79854712956064,0.0736644132792121,0.0976378582074658
"65",74,"Erythrinidae","Erythrinus,Hoplerythrinus,Hoplias","74_1",-3.58329496354036,3.44521118773405,NA,NA,2.77258872223978,77.756798,"Ctenoluciidae,Lebiasinidae","Ctenolucius,Nannostomus","74_2",-3.4202578844009,2.44357240351611,NA,NA,2.99573227355399,77.756798,-1,0.22314355131421,0.163037079139467,-1.00163878421793,NA,NA,0.0184891609106865,0.0253055136181701,-0.113590483548517,NA,NA,0.0184891609106865,8.81798151506341,2.77258872223978,3.31345846735415,-1,0.540869745114367,0.163037079139467,0.0613371375513116,0.0184891609106865
"66",75,"Anostomidae,Curimatidae,Prochilodontidae","Anostomus,Curimatella,Curimatopsis,Cyphocharax,Leporinus,Potamorhina,Prochilodus,Schizodon,Semaprochilodus,Steindachnerina","75_1",-4.40092407177834,2.94720930991079,NA,NA,5.32787616878958,52.615819,"Anostomidae,Curimatidae,Prochilodontidae","Anostomus,Curimatella,Curimatopsis,Cyphocharax,Leporinus,Potamorhina,Prochilodus,Schizodon,Semaprochilodus,Steindachnerina","75_2",-6.17779412529948,2.94720930991079,NA,NA,5.32787616878958,52.615819,-1,0,-1.77687005352113,0,NA,NA,-0.244961312669825,0,0,NA,NA,0.244961312669825,7.25367624036254,4.24319550895446,3.07223024452672,1,1.17096526442774,1.77687005352113,0.161430594036165,0.244961312669825
"67",77,"Alestidae","Alestes,Alestopetersius,Bathyaethiops,Brachypetersius,Brycinus,Bryconaethiops,Clupeocharax,Hemigrammopetersius,Hydrocynus,Ladigesia,Micralestes,Nannopetersius,Phenacogrammus,Rhabdalestes","77_1",-3.74862945851971,2.41952611693506,NA,NA,4.75359019110636,68.634374,"Alestidae,Hepsetidae","Arnoldichthys,Hepsetus","77_2",-3.84958825817183,3.02524394377872,NA,NA,1.6094379124341,68.634374,1,3.14415227867226,0.100958799652116,-0.605717826843659,NA,NA,0.0121863413782582,0.379518309896287,-0.0731138270487436,NA,NA,0.0121863413782582,8.28458653162606,5.48848307736504,2.57031952763613,1,2.91816354972891,0.100958799652116,0.352240095337159,0.0121863413782582
"68",78,"Distichodontidae","Distichodus,Hemigrammocharax,Hemistichodus,Nannocharax,Neolebias,Xenocharax","78_1",-4.45176263935878,2.37912186104605,NA,NA,4.33073334028633,84.257022,"Citharinidae","Citharinus","78_2",-4.37823383643519,3.9775056634711,NA,NA,1.79175946922805,84.257022,1,2.53897387105828,-0.073528802923593,-1.59838380242504,NA,NA,-0.00801040442242378,0.276601912671936,-0.174131771096301,NA,NA,0.00801040442242378,9.17916238008676,4.59511985013459,2.07944154167984,1,2.51567830845475,-0.073528802923593,0.274064038120979,-0.00801040442242378
"69",79,"Apteronotidae,Hypopomidae,Rhamphichthyidae,Gymnotidae,Sternopygidae","Adontosternarchus,Apteronotus,Brachyhypopomus,Compsaraia,Gymnorhamphichthys,Gymnotus,Hypopomus,Microsternarchus,Orthosternarchus,Parapteronotus,Rhamphichthys,Sternarchogiton,Sternarchorhamphus,Sternopygus","79_1",-3.0920890007981,3.56197020553526,NA,NA,4.74493212836325,98.425059,"Apteronotidae,Hypopomidae,Rhamphichthyidae,Gymnotidae,Sternopygidae","Adontosternarchus,Apteronotus,Brachyhypopomus,Compsaraia,Gymnorhamphichthys,Gymnotus,Hypopomus,Microsternarchus,Orthosternarchus,Parapteronotus,Rhamphichthys,Sternarchogiton,Sternarchorhamphus,Sternopygus","79_2",-3.32049335424719,3.56197020553526,NA,NA,4.74493212836325,98.425059,-1,0,-0.228404353449096,0,NA,NA,-0.0230224498452317,0,0,NA,NA,0.0230224498452317,9.92094042921335,5.10491463974326,2.48989419129904,1,2.61502044844423,0.228404353449096,0.263585944004259,0.0230224498452317
"70",80,"Clupeidae,Engraulidae,Chirocentridae,Dussumieriidae,Pristigasteridae","Alosa,Amazonsprattus,Amblygaster,Anchoa,Anchovia,Anchoviella,Anodontostoma,Brevoortia,Cetengraulis,Chirocentrus,Clupanodon,Clupea,Coilia,Dorosoma,Dussumieria,Encrasicholina,Engraulis,Ethmalosa,Etrumeus,Gilchristella,Harengula,Herklotsichthys,Hilsa,Hyperlophus,Ilisha,Jurengraulis,Konosirus,Limnothrissa,Lycengraulis,Lycothrissa,Microthrissa,Nematalosa,Odaxothrissa,Odontognathus,Opisthonema,Opisthopterus,Pellona,Pellonula,Platanichthys,Potamothrissa,Pterengraulis,Rhinosardinia,Sardina,Sardinella,Sardinops,Sauvagella,Setipinna,Sierrathrissa,Sprattus,Stolothrissa,Tenualosa,Thryssa","80_1",-4.3110091474386,2.93824831679042,3.9731970253879,1.96992043123984,5.73334127689775,111.533367,"Chirocentridae,Clupeidae","Chirocentrus,Jenkinsia,Spratelloides","80_2",-4.02155889249645,2.13781685293893,3.87483241354244,2.47781540789774,2.39789527279837,111.533367,1,3.33544600409938,-0.289450254942148,0.800431463851484,0.098364611845458,-0.507894976657894,-0.0274076329779662,0.315828638383653,0.0757917169209004,0.00931400519933643,-0.0480918530003524,0.0274076329779662,10.5609358960274,5.94672865326659,2.52572864430826,1,3.42100000895833,-0.289450254942148,0.323929625426964,-0.0274076329779662
"71",81,"Mormyridae","Boulengeromyrus,Brienomyrus,Campylomormyrus,Genyomyrus,Gnathonemus,Hippopotamyrus,Hyperopisus,Isichthys,Ivindomyrus,Marcusenius,Mormyrops,Mormyrus,Myomyrus,Oxymormyrus,Paramormyrops,Petrocephalus,Pollimyrus,Stomatorhinus","81_1",-3.58365494770495,3.22757721989521,NA,NA,5.39362754635236,61.736181,"Gymnarchidae","Gymnarchus","81_2",-3.57891355951212,5.11799381241676,NA,NA,0,61.736181,1,5.39362754635236,-0.00474138819282643,-1.89041659252154,NA,NA,-0.000603442138267106,0.686453419804679,-0.240595577584797,NA,NA,0.000603442138267106,7.85723749163788,5.40267738187228,0.693147180559945,1,4.70953020131233,-0.00474138819282643,0.599387533636915,-0.000603442138267106
"72",82,"Ophichthidae,Congridae,Colocongridae,Muraenesocidae,Derichthyidae,Nettastomatidae","Ahlia,Apterichtus,Ariosoma,Bathycongrus,Bathyuroconger,Brachysomophis,Callechelys,Coloconger,Conger,Congresox,Cynoponticus,Derichthys,Echelus,Echiophis,Facciolella,Gnathophis,Gorgasia,Heteroconger,Hoplunnis,Leiuranus,Macrocephenchelys,Muraenesox,Muraenichthys,Myrichthys,Myrophis,Nessorhamphus,Nettastoma,Ophichthus,Ophisurus,Oxyconger,Parabathymyrus,Paraconger,Pisodonophis,Poeciloconger,Rhynchoconger,Saurenchelys,Scolecenchelys,Thalassenchelys,Uroconger,Venefica,Xenomystax,Xyrias","82_1",-3.58351093848811,4.30524529182507,5.30544902276942,1.76586666873849,5.98896141688986,105.711107,"Ophichthidae,Congridae,Colocongridae,Muraenesocidae,Derichthyidae,Nettastomatidae","Ahlia,Apterichtus,Ariosoma,Bathycongrus,Bathyuroconger,Brachysomophis,Callechelys,Coloconger,Conger,Congresox,Cynoponticus,Derichthys,Echelus,Echiophis,Facciolella,Gnathophis,Gorgasia,Heteroconger,Hoplunnis,Leiuranus,Macrocephenchelys,Muraenesox,Muraenichthys,Myrichthys,Myrophis,Nessorhamphus,Nettastoma,Ophichthus,Ophisurus,Oxyconger,Parabathymyrus,Paraconger,Pisodonophis,Poeciloconger,Rhynchoconger,Saurenchelys,Scolecenchelys,Thalassenchelys,Uroconger,Venefica,Xenomystax,Xyrias","82_2",-4.29915715685159,4.30524529182507,5.30544902276942,1.76586666873849,5.98896141688986,105.711107,-1,0,-0.715646218363477,0,0,0,-0.0696046205627039,0,0,0,0,0.0696046205627039,10.2815906843251,6.14662899860933,4.31240856779301,1,1.83422043081632,0.715646218363477,0.178398507306141,0.0696046205627039
"73",83,"Muraenidae,Heterenchelyidae","Anarchias,Echidna,Enchelycore,Enchelynassa,Gymnomuraena,Gymnothorax,Muraena,Pseudechidna,Pythonichthys,Rhinomuraena,Scuticaria,Strophidon,Uropterygius","83_1",-4.10907248762671,4.58896818895309,3.50854915573053,0.945849725528127,5.29831736654804,99.574223,"Congridae,Chlopsidae","Bassanago,Chilorhinus,Kaupichthys","83_2",-3.91457626221586,3.49000744534088,5.69097291752132,2.29391022440629,2.484906649788,99.574223,1,2.81341071676004,-0.19449622541085,1.09896074361221,-2.18242376179079,-1.34806049887816,-0.0194911612446181,0.281941933895481,0.110130780224674,-0.218708478045237,-0.135093956171289,0.0194911612446181,9.97868844087238,5.3468694071302,3.50375396998725,1,1.84311543714295,-0.19449622541085,0.18470517924917,-0.0194911612446181
"74",84,"Anguillidae","Anguilla","84_1",-5.55721763757437,4.77865441140407,6.3744477221788,2.53971769287568,3.09104245335832,85.334715,"Nemichthyidae,Serrivomeridae","Avocettina,Nemichthys,Serrivomer,Stemonidium","84_2",-3.87667999315615,4.15361138093655,7.75935958774412,1.60694999061214,2.89037175789616,85.334715,1,0.200670695462152,-1.68053764441822,0.625043030467517,-1.38491186556532,0.932767702263546,-0.181922063729221,0.0217230641453978,0.0676623450833688,-0.149919893495721,0.100974248294505,0.181922063729221,9.23767909163335,3.19663021592088,3.11971825333498,1,0.0769119625858989,-1.68053764441822,0.00832589677807262,-0.181922063729221
"75",85,"Moringuidae","Moringua,Neoconger","85_1",-4.38796422734064,3.57448417680214,3.95050352599621,2.13867747705438,2.70805020110221,70.845326,"Eurypharyngidae,Saccopharyngidae","Eurypharynx,Saccopharynx","85_2",-3.33092532867682,4.84328727548628,8.47277758456293,2.78888101736742,2.39789527279837,70.845326,1,0.310154928303839,-1.05703889866381,-1.26880309868414,-4.52227405856672,-0.650203540313031,-0.125584305422514,0.0368487775555319,-0.150743511963091,-0.537280744628473,-0.0772491533629376,0.125584305422514,8.41696655571353,2.73566536813518,2.98517675961447,-1,0.249511391479291,1.05703889866381,0.0296438615774136,0.125584305422514
"76",86,"Elopidae","Elops","86_1",-4.68914979978337,4.66855151493816,3.20526849336145,1.87554906065759,1.94591014905531,130.966261,"Megalopidae","Megalops","86_2",-5.06943034060676,5.26604810597925,3.68887945411394,1.24131054228448,0.693147180559945,130.966261,1,1.25276296849537,0.380280540823395,-0.597496591041088,-0.483610960752487,0.634238518373114,0.0332295445224772,0.109468506454713,-0.052210243340452,-0.0422587280355895,0.0554208139036411,0.0332295445224772,11.4440491522887,1.94591014905531,0.693147180559945,1,1.25276296849537,0.380280540823395,0.109468506454713,0.0332295445224772
"77",87,"Lepisosteidae","Atractosteus,Lepisosteus","87_1",-3.71259854073453,5.09979357145657,NA,NA,1.94591014905531,251.200001,"Amiidae","Amia","87_2",-3.89979803580558,4.69134788222914,NA,NA,0,251.200001,1,1.94591014905531,0.187199495071048,0.408445689227424,NA,NA,0.0118112226022741,0.122775854314103,0.0257705981235336,NA,NA,0.0118112226022741,15.8492902364743,1.94591014905531,0,1,1.94591014905531,0.187199495071048,0.122775854314103,0.0118112226022741
"78",88,"Acipenseridae","Acipenser,Huso,Pseudoscaphirhynchus,Scaphirhynchus","88_1",-4.35698286423445,5.20147354818871,3.14268772759723,3.71285759425283,3.2188758248682,120.8,"Polyodontidae","Polyodon,Psephurus","88_2",-4.51963489788183,5.55097258808698,NA,NA,0.693147180559945,120.8,1,2.52572864430826,0.162652033647379,-0.349499039898265,NA,NA,0.0147987839714398,0.229801692234777,-0.0317989309675219,NA,NA,0.0147987839714398,10.9909053312273,3.2188758248682,0.693147180559945,1,2.52572864430826,0.162652033647379,0.229801692234777,0.0147987839714398
