"","Pair","Family_first","Genus_first","Sister_first","Blen_first","Length_first","Depth_first","Lat_first","N_spp_first","Age_first","Family_last","Genus_last","Sister_last","Blen_last","Length_last","Depth_last","Lat_last","N_spp_last","Age_last","swap","N_spp_diff","Blen_diff","Length_diff","Depth_diff","Lat_diff","Blen_std","N_spp_std","Length_std","Depth_std","Lat_std","rate.std","time.std","N_spp_ata_first","N_spp_ata_last","swap_ata","N_spp_ata_diff","Blen_ata_diff","N_spp_ata_std","Blen_ata_std"
"1",1,"Poeciliidae","Alfaro,Belonesox,Brachyrhaphis,Carlhubbsia,Cnesterodon,Gambusia,Girardinus,Heterandria,Heterophallus,Limia,Micropoecilia,Neoheterandria,Pamphorichthys,Phallichthys,Phalloptychus,Poecilia,Poeciliopsis,Priapella,Priapichthys,Pseudopoecilia,Pseudoxiphophorus,Quintana,Scolichthys,Xenodexia,Xenophallus,Xiphophorus","1_1",0.520147044025056,1.39608497874822,0.972903002042005,NA,5.50533153593236,66.642026,"Anablepidae","Anableps,Jenynsia,Oxyzygonectes","1_2",0.305576262191861,2.61382695394024,NA,NA,2.83321334405622,66.642026,1,2.67211819187615,0.214570781833195,-1.21774197519201,NA,NA,0.0262843043798653,0.327326802345566,-0.149169893769448,NA,NA,0.0262843043798653,8.16345674331652,5.87211778947542,2.83321334405622,1,3.0389044454192,0.214570781833195,0.372257064742478,0.0262843043798653
"2",2,"Goodeidae","Allodontichthys,Alloophorus,Allotoca,Ameca,Ataeniobius,Chapalichthys,Characodon,Crenichthys,Empetrichthys,Girardinichthys,Goodea,Hubbsina,Ilyodon,Skiffia,Xenoophorus,Xenotaenia,Xenotoca,Zoogoneticus","2_1",0.0547670289793103,1.77648030511772,0.231049060186648,NA,4.00733318523247,41.294324,"Profundulidae","Profundulus","2_2",-0.578502397404065,2.16426349862303,NA,NA,2.07944154167984,41.294324,1,1.92789164355264,0.633269426383376,-0.387783193505312,NA,NA,0.0985469847641925,0.300011180879556,-0.0603453488674233,NA,NA,0.0985469847641925,6.42606598160959,4.00733318523247,2.07944154167984,1,1.92789164355264,0.633269426383376,0.300011180879556,0.0985469847641925
"3",4,"Exocoetidae,Hemiramphidae","Cheilopogon,Cypselurus,Euleptorhamphus,Exocoetus,Fodiator,Hemiramphus,Hirundichthys,Oxyporhamphus,Parexocoetus,Prognichthys","4_1",-0.268553528507894,3.2638658573729,2.50044093526647,1.22860420979478,4.4188406077966,66.363335,"Hemiramphidae","Arrhamphus,Chriodorus,Hyporhamphus","4_2",-0.154188284700979,3.38031759596183,2.04717228111105,1.6659544200217,3.76120011569356,66.363335,1,0.657640492103036,-0.114365243806914,-0.116451738588923,0.453268654155417,-0.43735021022692,-0.0140387990864987,0.0807280466727119,-0.0142949248119779,0.0556405718737326,-0.0536865181014242,0.0140387990864987,8.14636943674911,4.51491719701053,3.67958640720234,1,0.835330789808185,-0.114365243806914,0.102540253826437,-0.0140387990864987
"4",5,"Melanotaeniidae","Chilatherina,Glossolepis,Iriatherina,Melanotaenia,Rhadinocentrus","5_1",-0.0185912513084299,1.93544962687935,0.764126531454661,NA,4.35670882668959,46.680138,"Melanotaeniidae,Telmatherinidae,Pseudomugilidae","Cairnsichthys,Marosatherina,Paratherina,Pseudomugil,Telmatherina,Tominanga","5_2",0.295341786795416,2.02399186897328,2.99573227355399,NA,3.49650756146648,46.680138,1,0.860201265223111,-0.313933038103846,-0.0885422420939328,-2.23160574209933,NA,-0.045948459692773,0.12590240072057,-0.0129593867104075,-0.326626490510034,NA,0.045948459692773,6.83228644013115,4.544783035973,3.58351893845611,1,0.961264097516886,-0.313933038103846,0.14069434967929,-0.045948459692773
"5",6,"Bedotiidae","Bedotia,Rheocles","6_1",0.458180890280069,1.99642831784973,NA,NA,2.77258872223978,49.864166,"Atherinidae,Isonidae","Atherina,Iso","6_2",-0.140500765237567,2.44672265223807,NA,3.04786485624451,2.30258509299405,49.864166,1,0.470003629245735,0.598681655517635,-0.450294334388342,NA,NA,0.0847816122540627,0.0665590219534301,-0.0637679128907084,NA,NA,0.0847816122540627,7.06145636536827,2.77881927199042,2.31648799816304,1,0.46233127382738,0.598681655517635,0.0654725101885224,0.0847816122540627
"6",8,"Mugilidae","Agonostomus,Aldrichetta,Cestraeus,Chaenomugil,Chelon,Crenimugil,Ellochelon,Joturus,Liza,Moolgarda,Mugil,Myxus,Neomyxus,Oedalechilus,Paramugil,Rhinomugil,Sicamugil,Trachystoma,Valamugil,Xenomugil","8_1",-0.0635118483464893,3.64467046218346,2.59212241925846,1.6905659901623,4.36944785246702,103.427961,"Ambassidae","Ambassis,Denariusa,Parambassis","8_2",0.335886350737878,2.13125421530257,0.693147180559945,0.925193221090099,3.66356164612965,103.427961,1,0.705886206337375,-0.399398199084368,1.51341624688089,1.89897523869852,0.765372769072198,-0.0392723709051146,0.069408988261937,0.14881249919902,0.186724076585141,0.0752582343550543,0.0392723709051146,10.1699538347035,4.36944785246702,3.89182029811063,1,0.477627554356395,-0.399398199084368,0.0469645744827829,-0.0392723709051146
"7",10,"Paralichthyidae,Pleuronectidae,Scophthalmidae","Ancylopsetta,Atheresthes,Citharichthys,Cleisthenes,Clidoderma,Dexistes,Embassichthys,Eopsetta,Etropus,Gastropsetta,Glyptocephalus,Hippoglossina,Hippoglossoides,Hippoglossus,Hypsopsetta,Isopsetta,Kareius,Lepidopsetta,Lepidorhombus,Limanda,Liopsetta,Lyopsetta,Microstomus,Paralichthys,Parophrys,Phrynorhombus,Platichthys,Pleuronectes,Pleuronichthys,Psettichthys,Pseudopleuronectes,Pseudorhombus,Reinhardtius,Scophthalmus,Tanakius,Tarphops,Verasper,Xystreurys,Zeugopterus","10_1",-0.33319002896275,3.79485348291794,5.79690235505811,3.64792718040527,5.11799381241676,71.406897,"Paralichthyidae,Pleuronectidae,Scophthalmidae","Ancylopsetta,Atheresthes,Citharichthys,Cleisthenes,Clidoderma,Dexistes,Embassichthys,Eopsetta,Etropus,Gastropsetta,Glyptocephalus,Hippoglossina,Hippoglossoides,Hippoglossus,Hypsopsetta,Isopsetta,Kareius,Lepidopsetta,Lepidorhombus,Limanda,Liopsetta,Lyopsetta,Microstomus,Paralichthys,Parophrys,Phrynorhombus,Platichthys,Pleuronectes,Pleuronichthys,Psettichthys,Pseudopleuronectes,Pseudorhombus,Reinhardtius,Scophthalmus,Tanakius,Tarphops,Verasper,Xystreurys,Zeugopterus","10_2",-0.0655577069977468,3.79485348291794,5.79690235505811,3.64792718040527,5.11799381241676,71.406897,-1,0,0.267632321965004,0,0,0,0.0316714889801853,0,0,0,0,0.0316714889801853,8.45026017350945,5.26300102142047,1.33236601909433,1,3.93063500232613,-0.267632321965004,0.465149583754616,-0.0316714889801853
"8",11,"Rhombosoleidae,Achiridae,Paralichthyidae,Bothidae,Soleidae,Pleuronectidae,Citharidae,Centropomidae,Cynoglossidae,Lactariidae,Scophthalmidae,Samaridae,Poecilopsettidae,Psettodidae,Sphyraenidae","Achiropsetta,Achirus,Ancylopsetta,Arnoglossus,Aseraggodes,Asterorhombus,Atheresthes,Austroglossus,Bathysolea,Bothus,Brachypleura,Buglossidium,Catathyridium,Centropomus,Chascanopsetta,Citharichthys,Citharoides,Citharus,Cleisthenes,Clidoderma,Crossorhombus,Cyclopsetta,Cynoglossus,Dexistes,Dicologlossa,Embassichthys,Eopsetta,Etropus,Gastropsetta,Glyptocephalus,Gymnachirus,Heteromycteris,Hippoglossina,Hippoglossoides,Hippoglossus,Hypoclinemus,Hypsopsetta,Isopsetta,Japonolaeops,Kareius,Lactarius,Laeops,Lepidoblepharon,Lepidopsetta,Lepidorhombus,Limanda,Liopsetta,Lophonectes,Lyopsetta,Mancopsetta,Microchirus,Microstomus,Monochirus,Neoachiropsetta,Paralichthys,Paraplagusia,Pardachirus,Parophrys,Pegusa,Phrynorhombus,Plagiopsetta,Platichthys,Pleuronectes,Pleuronichthys,Poecilopsetta,Psettichthys,Psettina,Psettodes,Pseudaesopia,Pseudopleuronectes,Pseudorhombus,Reinhardtius,Samaris,Samariscus,Scophthalmus,Solea,Soleichthys,Sphyraena,Syacium,Symphurus,Synaptura,Synapturichthys,Tanakius,Tarphops,Trichopsetta,Trinectes,Verasper,Xystreurys,Zebrias,Zeugopterus","11_1",0.16913119520548,3.45921616571398,5.36291707045986,2.80679965098211,6.50727771238501,82.733739,"Carangidae,Coryphaenidae,Echeneidae,Polynemidae,Istiophoridae,Centropomidae,Leptobramidae,Menidae,Rachycentridae,Toxotidae,Xiphiidae","Alectis,Alepes,Atropus,Atule,Carangoides,Caranx,Chloroscombrus,Coryphaena,Decapterus,Echeneis,Elagatis,Eleutheronema,Filimanus,Gnathanodon,Hemicaranx,Istiompax,Istiophorus,Kajikia,Lates,Leptobrama,Leptomelanosoma,Lichia,Makaira,Megalaspis,Mene,Naucrates,Oligoplites,Parastromateus,Parona,Pentanemus,Phtheirichthys,Polydactylus,Polynemus,Psammoperca,Pseudocaranx,Rachycentron,Remora,Scomberoides,Selar,Selaroides,Selene,Seriola,Seriolina,Tetrapturus,Toxotes,Trachinotus,Trachurus,Uraspis,Xiphias","11_2",-0.176335111368517,4.36176339239146,4.64217143308449,0.985992685530058,5.43372200355424,82.733739,1,1.07355570883077,0.345466306573997,-0.902547226677481,0.720745637375365,1.82080696545205,0.0379808229823876,0.118027514009096,-0.0992267141465495,0.0792393120474062,0.200180873572746,0.0379808229823876,9.0958088700236,6.70960917184121,5.46700473206619,1,1.24260443977502,0.345466306573997,0.136612857364471,0.0379808229823876
"9",12,"Coryphaenidae","Coryphaena","12_1",0.557837064086536,5.16432862195931,5.21705790179915,0.108798915031093,0.693147180559945,39.083682,"Rachycentridae","Rachycentron","12_2",0.200821865853514,5.29831736654804,7.09007683577609,1.08627124312857,0,39.083682,1,0.693147180559945,0.357015198233023,-0.133988744588723,-1.87301893397694,-0.977472328097477,0.057106950431089,0.110873491878208,-0.0214323889666955,-0.299601809526603,-0.156353186264048,0.057106950431089,6.25169433033958,0.783901543828409,0.285178942233662,1,0.498722601594747,0.357015198233023,0.0797739900964828,0.057106950431089
"10",13,"Istiophoridae","Istiompax,Istiophorus,Kajikia,Makaira,Tetrapturus","13_1",-0.0517430446328386,5.8997227281948,5.84530198425614,0.623916910573243,2.39789527279837,39.574461,"Xiphiidae","Xiphias","13_2",-0.200981373347158,6.12029741895095,7.96485088744731,0.948133742165563,0,39.574461,1,2.39789527279837,0.149238328714319,-0.220574690756149,-2.11954890319118,-0.32421683159232,0.023723178278617,0.381173506431734,-0.0350629275846137,-0.336927094626643,-0.0515380583731703,0.023723178278617,6.29082355498865,2.39789527279837,0,1,2.39789527279837,0.149238328714319,0.381173506431734,0.023723178278617
"11",14,"Osphronemidae","Belontia,Betta,Ctenops,Luciocephalus,Macropodus,Malpulutta,Osphronemus,Parasphaerichthys,Parosphromenus,Pseudosphromenus,Sphaerichthys,Trichogaster,Trichopodus,Trichopsis","14_1",0.452310684378806,2.12135992277847,0,NA,4.88280192258637,71.83222,"Anabantidae,Helostomatidae","Anabas,Ctenopoma,Helostoma,Microctenopoma,Sandelia","14_2",0.392230076861725,2.65245228027572,NA,NA,3.52636052461616,71.83222,1,1.35644139797021,0.0600806075170806,-0.531092357497245,NA,NA,0.00708883178978236,0.160044734903428,-0.0626628881218722,NA,NA,0.00708883178978236,8.47538907661471,4.88280192258637,3.52636052461616,1,1.35644139797021,0.0600806075170806,0.160044734903428,0.00708883178978236
"12",15,"Badidae","Badis,Dario","15_1",0.300730692704958,1.11106032215739,0.346573590279973,NA,3.04452243772342,58.97277,"Nandidae,Pristolepididae","Nandus,Pristolepis","15_2",0.369033116188005,2.66130567448825,NA,NA,2.39789527279837,58.97277,1,0.646627164925052,-0.0683024234830469,-1.55024535233086,NA,NA,-0.00889427083353751,0.0842031195949211,-0.201871343928021,NA,NA,0.00889427083353751,7.6793730212824,3.04452243772342,2.56494935746154,1,0.479573080261886,-0.0683024234830469,0.0624495097363822,-0.00889427083353751
"13",16,"Gobiidae,Eleotridae,Thalasseleotrididae,Kraemeriidae,Schindleriidae","Acanthogobius,Acentrogobius,Afurcagobius,Akihito,Amblychaeturichthys,Amblyeleotris,Amblygobius,Aphia,Arenigobius,Aruma,Asterropteryx,Astrabe,Awaous,Babka,Barbulifer,Bathygobius,Benthophilus,Boleophthalmus,Bollmannia,Bostrychus,Brachygobius,Bryaninops,Buenia,Butis,Cabillus,Caffrogobius,Callogobius,Calumia,Caragobius,Caspiosoma,Cerdale,Chaenogobius,Chaeturichthys,Chromogobius,Clariger,Clevelandia,Coryphopterus,Cotylopus,Croilia,Cryptocentrus,Crystallogobius,Ctenogobiops,Ctenogobius,Deltentosteus,Dormitator,Drombus,Economidichthys,Elacatinus,Eleotris,Erotelis,Eucyclogobius,Eutaeniichthys,Eviota,Evorthodus,Exyrias,Favonigobius,Fusigobius,Gillichthys,Ginsburgellus,Giuris,Glossogobius,Gnatholepis,Gobiodon,Gobiomorphus,Gobiomorus,Gobionellus,Gobiopterus,Gobiosoma,Gobius,Gobiusculus,Grahamichthys,Guavina,Gunnellichthys,Gymnogobius,Hemieleotris,Hypseleotris,Istigobius,Knipowitschia,Kraemeria,Kribia,Lentipes,Lepidogobius,Leptophilypnus,Lesueurigobius,Lethops,Lophogobius,Luciogobius,Lythrypnus,Mahidolia,Mesogobius,Microdesmus,Microgobius,Microphilypnus,Millerigobius,Mogurnda,Mugilogobius,Myersina,Nemateleotris,Neogobius,Nes,Odontamblyopus,Oligolepis,Ophiocara,Ophiogobius,Oplopomus,Oxyeleotris,Oxyurichthys,Padogobius,Pandaka,Paragobiodon,Paratrypauchen,Parioglossus,Periophthalmus,Philypnodon,Pleurosicya,Pomatoschistus,Ponticola,Priolepis,Proterorhinus,Psammogobius,Pseudaphya,Pseudapocryptes,Pseudogobiopsis,Pseudogobius,Psilotris,Ptereleotris,Pterogobius,Quietula,Ratsirakia,Redigobius,Rhinogobiops,Rhinogobius,Risor,Sagamia,Scartelaos,Schindleria,Sicydium,Sicyopterus,Sicyopus,Signigobius,Smilosicyopus,Stenogobius,Stiphodon,Stonogobiops,Synechogobius,Taenioides,Tateurndina,Thalasseleotris,Thorogobius,Tigrigobius,Tomiyamichthys,Tridentiger,Trimma,Trimmatom,Typhlogobius,Valenciennea,Vanderhorstia,Yongeichthys,Zebrus,Zosterisessor","16_1",0.466863391355714,2.08704153740955,2.85114122305128,2.02375089795395,7.37713371283395,76.217667,"Eleotridae","Milyeringa,Typhleotris","16_2",0.0821346718360147,1.62011847939827,3.46573590279973,NA,1.79175946922805,76.217667,1,5.5853742436059,0.384728719519699,0.466923058011284,-0.614594679748445,NA,0.0440683491395711,0.639770856071456,0.0534832137497964,-0.0703981053462545,NA,0.0440683491395711,8.73027301978581,7.57787945238454,1.880990602956,1,5.69688884942854,0.384728719519699,0.65254418006372,0.0440683491395711
"14",17,"Odontobutidae,Rhyacichthyidae","Micropercops,Odontobutis,Perccottus,Rhyacichthys","17_1",0.303458222002453,3.05877374307819,NA,NA,2.70805020110221,76.809672,"Rhyacichthyidae","Protogobius,Rhyacichthys","17_2",0.0871689479080138,2.484906649788,1.6094379124341,NA,1.09861228866811,76.809672,1,1.6094379124341,0.216289274094439,0.573867093290195,NA,NA,0.0246789698716942,0.183639572131445,0.0654792003207781,NA,NA,0.0246789698716942,8.7641127331864,3.24337329646859,2.42833629829961,1,0.815036998168982,0.216289274094439,0.0929970920025644,0.0246789698716942
"15",18,"Apogonidae","Apogon,Apogonichthyoides,Archamia,Astrapogon,Cercamia,Cheilodipterus,Foa,Fowleria,Glossamia,Gymnapogon,Nectamia,Ostorhinchus,Phaeoptyx,Pristiapogon,Pristicon,Pseudamia,Pterapogon,Rhabdamia,Sphaeramia,Zoramia","18_1",0.532792378237015,2.17185041106092,3.5220079782575,1.12189866650601,5.68697535633982,94.107677,"Kurtidae","Kurtus","18_2",0.37747295802601,4.14313472639153,NA,NA,0.693147180559945,94.107677,1,4.99382817577987,0.155319420211005,-1.97128431533061,NA,NA,0.0160108074308769,0.514779292613105,-0.203206099542407,NA,NA,0.0160108074308769,9.70091114277417,5.84932477994686,0.693147180559945,1,5.15617759938691,0.155319420211005,0.531514774591823,0.0160108074308769
"16",19,"Syngnathidae","Bryx,Choeroichthys,Corythoichthys,Cosmocampus,Doryrhamphus,Dunckerocampus,Enneacampus,Entelurus,Festucalex,Halicampus,Haliichthys,Hippichthys,Hippocampus,Hypselognathus,Idiotropiscis,Kaupus,Maroubra,Microphis,Nerophis,Penetopteryx,Phycodurus,Phyllopteryx,Pugnaso,Solegnathus,Stigmatopora,Syngnathoides,Syngnathus,Trachyrhamphus,Vanacampus","19_1",0.0928070495862064,2.82997276236573,3.40407085887248,2.33333885522214,5.40717177146012,95.161939,"Centriscidae","Aeoliscus,Macroramphosus,Notopogon","19_2",-0.437629376631051,2.81677106544216,5.46882219954767,1.77749056800898,2.19722457733622,95.161939,1,3.2099471941239,0.530436426217258,0.0132016969235687,-2.06475134067518,0.555848287213161,0.0543753041347451,0.329053297077809,0.00135331257401195,-0.211658695675345,0.0569802867528057,0.0543753041347451,9.75509810304335,5.70044357339069,2.484906649788,1,3.21553692360269,0.530436426217258,0.32962630305066,0.0543753041347451
"17",20,"Callionymidae,Champsodontidae,Mullidae","Bathycallionymus,Callionymus,Champsodon,Dactylopus,Diplogrammus,Draculo,Foetorepus,Mulloidichthys,Mullus,Parupeneus,Pseudupeneus,Synchiropus,Tonlesapia,Upeneichthys,Upeneus","20_1",-0.748095567720657,2.80801609901648,4.8515503932935,1.67374973321407,5.59098698051086,92.675403,"Fistulariidae","Fistularia","20_2",0.329153376125215,5.01231009196464,5.0905596445672,1.24330669168754,1.38629436111989,92.675403,1,4.20469261939097,-1.07724894384587,-2.20429399294817,-0.239009251273703,0.430443041526529,-0.111900965922965,0.436769205676129,-0.228974582336077,-0.024827470228533,0.0447129629569904,0.111900965922965,9.62680647982497,5.69933928495883,1.41827740697294,1,4.28106187798589,-1.07724894384587,0.444702185190672,-0.111900965922965
"18",21,"Ariommatidae,Nomeidae","Ariomma,Cubiceps,Psenes","21_1",-0.54558163521606,3.62049896446486,6.09718285620748,1.88088750097446,3.13549421592915,60.62619,"Stromateidae","Pampus,Peprilus,Stromateus","21_2",-0.338875196417959,3.48467268093007,4.76111034918927,2.92160261606087,2.70805020110221,60.62619,1,0.42744401482694,-0.206706438798101,0.135826283534793,1.33607250701821,-1.04071511508641,-0.0265475145053354,0.054897061987124,0.0174443053313289,0.171593127270169,-0.133660082261222,0.0265475145053354,7.78628216801832,3.18345587963694,2.70805020110221,1,0.47540567853473,-0.206706438798101,0.0610568263872366,-0.0265475145053354
"19",22,"Scombridae,Trichiuridae,Ariommatidae,Bramidae,Nomeidae,Gempylidae,Icosteidae,Stromateidae,Tetragonuridae","Acanthocybium,Allothunnus,Aphanopus,Ariomma,Assurger,Auxis,Benthodesmus,Brama,Cubiceps,Cybiosarda,Diplospinus,Euthynnus,Evoxymetopon,Gasterochisma,Gempylus,Grammatorcynus,Gymnosarda,Icosteus,Katsuwonus,Lepidopus,Lepturacanthus,Nealotus,Neoepinnula,Nesiarchus,Pampus,Paradiplospinus,Peprilus,Promethichthys,Psenes,Pterycombus,Rastrelliger,Rexea,Ruvettus,Sarda,Scomber,Scomberomorus,Stromateus,Taractes,Taractichthys,Tetragonurus,Thunnus,Thyrsites,Trichiurus,Xenobrama","22_1",-0.535203702493991,4.40513059805498,5.86176256814981,1.7149926591599,5.12396397940326,68.884826,"Arripidae,Centrolophidae,Gempylidae,Pomatomidae","Arripis,Centrolophus,Hyperoglyphe,Icichthys,Lepidocybium,Pomatomus,Psenopsis,Schedophilus,Seriolella","22_2",-0.724943363872888,4.39927389118961,6.2322424411629,2.92555354115234,3.55534806148941,68.884826,1,1.56861591791385,0.189739661378897,0.00585670686536854,-0.370479873013084,-1.21056088199244,0.0228610586749041,0.18899696709275,0.000705653832824828,-0.0446378055767159,-0.145856186058582,0.0228610586749041,8.29968830740047,5.31039414777349,3.72328088083127,1,1.58711326694222,0.189739661378897,0.191225647055572,0.0228610586749041
"20",23,"Arripidae","Arripis","23_1",0.382244927624057,4.10110421821822,3.66356164612965,3.56645876261135,1.38629436111989,61.35623,"Gempylidae,Pomatomidae","Lepidocybium,Pomatomus","23_2",0.222719461400793,5.08292590850181,6.15069141266725,1.42665686234713,0.693147180559945,61.35623,1,0.693147180559945,0.159525466223264,-0.981821690283586,-2.4871297665376,2.13980190026422,0.0203657631717964,0.0884903937702683,-0.125343924670081,-0.31751855676723,0.273177065499689,0.0203657631717964,7.83302176685345,1.47704872438835,1.78842056796254,-1,0.311371843574186,-0.159525466223264,0.0397511781330418,-0.0203657631717964
"21",24,"Psychrolutidae","Artediellus,Artedius,Chitonotus,Clinocottus,Cottiusculus,Cottunculus,Dasycottus,Ebinania,Enophrys,Eurymen,Gymnocanthus,Icelinus,Icelus,Leiocottus,Malacocottus,Megalocottus,Myoxocephalus,Oligocottus,Orthonopias,Psychrolutes,Radulinus,Rastrinus,Ruscarius,Taurulus,Trichocottus,Triglops,Zesticelus","24_1",-0.603043635477472,2.92528939429428,5.68397591315843,3.87186216760755,5.00394630594546,35.003989,"Cottidae,Jordaniidae","Abyssocottus,Asprocottus,Batrachocottus,Comephorus,Cottinella,Cottocomephorus,Cottus,Cyphocottus,Jordania,Leocottus,Leptocottus,Limnocottus,Paracottus,Procottus,Trachidermus","24_2",-0.496348952924285,2.81428978733746,5.77904886898177,3.87964219518861,4.62497281328427,35.003989,1,0.378973492661189,-0.106694682553186,0.110999606956816,-0.0950729558233441,-0.00778002758105956,-0.0180336653513249,0.0640545618594237,0.0187612889235597,-0.0160693469276204,-0.00131498974891243,0.0180336653513249,5.91641690552652,5.39816270151775,4.69455374712278,1,0.703608954394976,-0.106694682553186,0.118924843470333,-0.0180336653513249
"22",25,"Ereuniidae,Rhamphocottidae","Marukawichthys,Rhamphocottus","25_1",0.122346827918014,2.59089177514604,5.35032842675121,3.70078545688041,1.09861228866811,29.209789,"Scorpaenichthyidae","Scorpaenichthys","25_2",-0.368745115305074,4.59511985013459,5.29831736654804,3.76848954295276,0,29.209789,1,1.09861228866811,0.491091943223088,-2.00422807498855,0.0520110602031734,-0.0677040860723492,0.0908654118369492,0.203273255520735,-0.370836891059076,0.00962346556618386,-0.0125271036287672,0.0908654118369492,5.40460812640473,1.84687876844913,1.06125650212434,1,0.785622266324794,0.491091943223088,0.145361559608098,0.0908654118369492
"23",26,"Liparidae","Acantholiparis,Careproctus,Crystallichthys,Edentoliparis,Elassodiscus,Liparis,Lipariscus,Nectoliparis,Paraliparis,Psednos,Rhinoliparis,Rhodichthys","26_1",-0.352056340412977,2.41463099872314,7.0999129501983,3.99851378183926,5.89440283426485,39.605163,"Cyclopteridae","Aptocyclus,Cyclopterus,Eumicrotremus","26_2",-0.482660186628905,3.47183460812393,6.87829015397168,4.01022197725959,2.83321334405622,39.605163,1,3.06118949020863,0.130603846215928,-1.05720360940079,0.221622796226622,-0.0117081954203262,0.0207529607342395,0.486423234315276,-0.167989731004685,0.035215878560723,-0.00186043311025552,0.0207529607342395,6.29326330292957,5.99018873360393,3.33825758188828,1,2.65193115171565,0.130603846215928,0.421392054338669,0.0207529607342395
"24",28,"Stichaeidae,Anarhichadidae,Pholidae,Zoarcidae,Cryptacanthodidae,Ptilichthyidae,Zaproridae","Acantholumpenus,Alectrias,Anarhichas,Anarrhichthys,Anisarchus,Anoplarchus,Apodichthys,Askoldia,Austrolycus,Azygopterus,Bilabria,Bothrocara,Bothrocarina,Bryozoichthys,Chirolophis,Cryptacanthodes,Davidijordania,Ernogrammus,Eucryphycus,Eulophias,Eumesogrammus,Gymnelopsis,Gymnelus,Hadropareia,Iluocoetes,Kasatkia,Leptoclinus,Leptostichaeus,Lumpenella,Lumpenus,Lycenchelys,Lycodapus,Lycodes,Lycodichthys,Lycogrammoides,Lycozoarces,Magadanichthys,Melanostigma,Neozoarces,Oidiphorus,Ophthalmolycus,Opisthocentrus,Pachycara,Pholis,Poroclinus,Ptilichthys,Rhodymenichthys,Seleniolycus,Stichaeopsis,Stichaeus,Ulvaria,Xenolumpenus,Xiphister,Zaprora,Zoarces,Zoarchias","28_1",-0.946925212450253,3.3000902930499,5.50062001450231,3.89910562348984,5.78382518232974,29.558979,"Stichaeidae","Cebidichthys,Dictyosoma,Esselenichthys","28_2",-0.249033317707325,3.48178399043888,2.97368567271914,3.52195746736718,1.79175946922805,29.558979,1,3.99206571310168,-0.697891894742928,-0.181693697388981,2.52693434178317,0.377148156122658,-0.128364058570109,0.734265236310082,-0.0334191306549704,0.464781938714099,0.0693692939648915,0.128364058570109,5.43681699158616,5.94868751775192,2.36179695262589,1,3.58689056512603,-0.697891894742928,0.659740905510887,-0.128364058570109
"25",29,"Stichaeidae,Pholidae","Alectrias,Anoplarchus,Apodichthys,Bryozoichthys,Chirolophis,Ernogrammus,Eumesogrammus,Stichaeopsis,Stichaeus,Ulvaria,Xiphister","29_1",-0.500268216494933,3.13770459636344,4.37425110384195,3.89007510805506,3.55534806148941,25.302285,"Pholidae,Stichaeidae,Ptilichthyidae","Apodichthys,Askoldia,Kasatkia,Opisthocentrus,Pholis,Ptilichthys,Rhodymenichthys","29_2",-0.658738024403886,3.23752970700226,4.43443001015875,3.84153140638128,3.04452243772342,25.302285,1,0.51082562376599,0.158469807908953,-0.0998251106388217,-0.0601789063168061,0.0485437016737729,0.0315040697173742,0.101553010487594,-0.0198454032765465,-0.0119636698317275,0.00965057118481906,0.0315040697173742,5.03013767207221,4.12842387587496,3.58268525770753,1,0.545738618167431,0.158469807908953,0.108493773678884,0.0315040697173742
"26",30,"Hypoptychidae","Aulichthys,Hypoptychus","30_1",0.583562198841606,2.42601513195981,NA,3.7853087726824,0.693147180559945,37.396016,"Aulorhynchidae","Aulorhynchus","30_2",-0.0192470416624645,2.89037175789616,3.40119738166216,3.83068516485709,0,37.396016,1,0.693147180559945,0.602809240504071,-0.464356625936356,NA,-0.0453763921746919,0.0985751014173059,0.113347721019806,-0.075934472167676,NA,-0.00742022875566968,0.0985751014173059,6.11522820506316,0.693147180559945,0,1,0.693147180559945,0.602809240504071,0.113347721019806,0.0985751014173059
"27",31,"Triglidae","Bellator,Chelidonichthys,Eutrigla,Lepidotrigla,Prionotus,Trigla,Trigloporus","31_1",-0.202594878849534,3.54388240973043,5.47088373239124,3.28512569783476,4.56434819146784,61.369975,"Peristediidae","Gargariscus,Peristedion,Satyrichthys,Scalicus","31_2",-0.133201161442556,3.43275335932364,5.96557458527999,1.81921167595958,3.66356164612965,61.369975,1,0.90078654533819,-0.0693937174069776,0.111129050406791,-0.494690852888749,1.46591402187518,-0.00885813265945592,0.1149857222616,0.0141856627315333,-0.0631474629700024,0.187124445242953,0.00885813265945592,7.83389909304428,4.82028156560504,3.78418963391826,1,1.03609193168678,-0.0693937174069776,0.132257502857896,-0.00885813265945592
"28",32,"Sebastidae,Scorpaenidae","Adelosebastes,Brachypterois,Dendrochirus,Helicolenus,Hozukius,Neomerinthe,Pontinus,Pterois,Scorpaenodes,Sebastes,Sebastiscus,Sebastolobus,Trachyscorpia","32_1",-0.22989362564281,3.4402530578627,5.73159944575913,2.58147948054424,5.35185813347607,55.396417,"Scorpaenidae,Setarchidae","Caracanthus,Iracundus,Neomerinthe,Parascorpaena,Scorpaena,Scorpaenodes,Scorpaenopsis,Sebastapistes,Setarches,Taenianotus","32_2",0.35047983129457,2.71531676494147,4.37860331192319,1.43881049623827,5.03695260241363,55.396417,1,0.314905531062437,-0.580373456937379,0.724936292921226,1.35299613383594,1.14266898430597,-0.0779770325870279,0.0423096517664151,0.0974000107360818,0.181784026056228,0.153525175144298,0.0779770325870279,7.44287693032741,5.33595028135489,4.6456401185418,1,0.690310162813083,-0.580373456937379,0.0927477599421648,-0.0779770325870279
"29",34,"Percidae","Ammocrypta,Crystallaria,Etheostoma,Gymnocephalus,Perca,Percarina,Percina,Romanichthys,Sander,Zingel","34_1",-0.334381024729801,2.81191949414497,2.02537810771795,NA,5.47227067367148,70.692511,"Serranidae,Niphonidae","Acanthistius,Niphon","34_2",-1.12538654136867,4.20591633787921,5.29831736654804,3.39217044923078,2.484906649788,70.692511,1,2.98736402388347,0.791005516638867,-1.39399684373423,-3.27293925883008,NA,0.0940790250945547,0.355305100985554,-0.165796396213097,-0.389270274590268,NA,0.0940790250945547,8.40788385980682,5.47252274273973,1.90954250488444,1,3.5629802378553,0.791005516638867,0.423766585893012,0.0940790250945547
"30",35,"Centrarchidae","Acantharchus,Ambloplites,Archoplites,Centrarchus,Enneacanthus,Lepomis,Micropterus,Pomoxis","35_1",-0.0549283141265605,3.4562897831245,1.94591014905531,NA,3.63758615972639,62.097934,"Elassomatidae","Elassoma","35_2",0.201805505866642,1.2226589483912,NA,NA,1.94591014905531,62.097934,1,1.69167601067107,-0.256733819993203,2.23363083473329,NA,NA,-0.0325795069181245,0.214673587976615,0.283447623825549,NA,NA,0.0325795069181245,7.88022423538823,3.63758615972639,2.02419306744936,1,1.61339309227703,-0.256733819993203,0.204739490157102,-0.0325795069181245
"31",36,"Aplodactylidae,Cheilodactylidae,Chironemidae,Latridae","Aplodactylus,Cheilodactylus,Chirodactylus,Chironemus,Latridopsis,Latris,Nemadactylus","36_1",-0.38859582297418,4.05170546272572,4.50494064533055,3.49455072692013,3.71357206670431,73.990469,"Cirrhitidae","Amblycirrhitus,Cirrhitichthys,Cirrhitus,Itycirrhitus,Neocirrhites,Notocirrhitus,Paracirrhites","36_2",-0.0623861724360956,2.69955970385657,3.38394550583314,1.43826480750455,3.25809653802148,73.990469,1,0.455475528682826,-0.326209650538084,1.35214575886915,1.12099513949741,2.05628591941557,-0.0379235439141218,0.0529513648211165,0.157193875105118,0.130321430804157,0.23905377795021,0.0379235439141218,8.60177127108132,3.76120011569356,3.49650756146648,1,0.264692554227082,-0.326209650538084,0.0307718661523777,-0.0379235439141218
"32",37,"Terapontidae","Amniataba,Bidyanus,Hannia,Helotes,Hephaestus,Leiopotherapon,Mesopristes,Pelates,Pelsartia,Pingalla,Rhynchopelates,Scortum,Syncomistes,Terapon,Variichthys","37_1",-0.234897673646514,3.14085105638976,3.85390520971322,1.09575029374495,3.93182563272433,52.823906,"Kuhliidae","Kuhlia","37_2",-0.314937482871592,3.0539529064197,1.96637688965579,1.94263579388119,2.63905732961526,52.823906,1,1.29276830310907,0.0800398092250787,0.0868981499700574,1.88752832005743,-0.846885500136238,0.011012623431626,0.177871119937921,0.0119562579145348,0.259703750003555,-0.116522405450492,0.011012623431626,7.26800564116457,3.95354875225664,2.69462718077007,1,1.25892157148657,0.0800398092250787,0.173214170935186,0.011012623431626
"33",38,"Percophidae,Epigonidae,Creediidae","Enigmapercis,Epigonus,Limnichthys,Matsubaraea,Osopsaron,Pteropsaron,Rosenblattia,Tewara","38_1",-0.533304729637581,2.00254939220219,4.37146525007449,1.36564011698536,4.02535169073515,73.058255,"Scombropidae","Scombrops","38_2",-0.636863260088999,4.89906351843915,5.99146454710798,1.74828444171189,1.09861228866811,73.058255,1,2.92673940206704,0.103558530451418,-2.89651412623696,-1.61999929703349,-0.382644324726526,0.0121157758924838,0.342412339539536,-0.338876149264824,-0.189530967108952,-0.0447672718481871,0.0121157758924838,8.54741218147341,4.34289591747084,1.57484646766448,1,2.76804944980636,0.103558530451418,0.323846491901506,0.0121157758924838
"34",39,"Lateolabracidae,Polyprionidae","Lateolabrax,Polyprion","39_1",0.133821725473862,4.89763723537639,6.57343042450236,3.35277600592031,1.6094379124341,29.038759,"Lateolabracidae,Polyprionidae","Lateolabrax,Polyprion","39_2",-0.768297541966467,4.89763723537639,6.57343042450236,3.35277600592031,1.6094379124341,29.038759,-1,0,-0.902119267440329,0,0,0,-0.167407508287377,0,0,0,0,0.167407508287377,5.38876228831816,1.01523067972906,1.43270073393405,-1,0.417470054204988,-0.902119267440329,0.077470489858123,-0.167407508287377
"35",40,"Ammodytidae,Pinguipedidae","Ammodytes,Hyperoplus,Parapercis","40_1",-0.50957473978101,3.2505578224268,4.0191658582946,2.96657536296875,4.4188406077966,75.386392,"Cheimarrichthyidae,Pinguipedidae","Cheimarrichthys,Pinguipes","40_2",0.319369675150062,3.47827272157578,5.01063529409626,3.72275843754586,1.09861228866811,75.386392,1,3.32022831912849,-0.828944414931072,-0.227714899148981,-0.991469435801653,-0.756183074577107,-0.0954726397337428,0.382403158084228,-0.0262267796692544,-0.114191256429636,-0.0870924430534431,0.0954726397337428,8.68253373157859,4.63589335863093,2.18380155700408,1,2.45209180162685,-0.828944414931072,0.282416616788776,-0.0954726397337428
"36",41,"Sillaginidae","Sillaginodes,Sillaginopodys,Sillago","41_1",0.163030529857991,3.72975949310882,3.55121999406307,2.01161276281717,3.43398720448515,89.0055,"Moronidae","Dicentrarchus,Morone","41_2",-0.00225065582679587,4.34506409048898,4.60517018598809,3.68427699149898,1.79175946922805,89.0055,1,1.64222773525709,0.165281185684786,-0.615304597380163,-1.05395019192503,-1.67266422868181,0.0175192293269423,0.174070413288924,-0.0652201416801503,-0.111715045091239,-0.177296575456181,0.0175192293269423,9.43427262697024,3.49650756146648,1.79175946922805,1,1.70474809223843,0.165281185684786,0.180697353112838,0.0175192293269423
"37",42,"Haemulidae","Anisotremus,Brachydeuterus,Conodon,Diagramma,Emmelichthyops,Genyatremus,Haemulon,Haemulopsis,Isacia,Microlepidotus,Orthopristis,Parapristipoma,Plectorhinchus,Pomadasys,Xenichthys,Xenistius","42_1",0.0466601797283508,3.63897077677731,4.08253367919684,2.19873492663927,4.89783979995091,66.324026,"Lutjanidae","Aphareus,Aprion,Apsilus,Caesio,Dipterygonotus,Etelis,Gymnocaesio,Lutjanus,Macolor,Ocyurus,Paracaesio,Pristipomoides,Pterocaesio,Rhomboplites,Symphorichthys,Symphorus","42_2",-0.259255847693147,4.0221697183507,5.01060070232297,0.739975391530508,4.84418708645859,66.324026,1,0.0536527134923199,0.305916027421498,-0.383198941573391,-0.928067023126133,1.45875953510876,0.0375635639532975,0.00658804035710054,-0.0470531670731823,-0.113957759160202,0.179121726806556,0.0375635639532975,8.14395640951006,4.91998092582813,4.89034912822175,1,0.0296317976063714,0.305916027421498,0.0036385014993166,0.0375635639532975
"38",44,"Hapalogenyidae","Hapalogenys","44_1",0.239113746174504,3.40281436333252,5.02162474745564,1.96140749477484,1.94591014905531,52.182663,"Lobotidae","Lobotes","44_2",0.470010191724202,4.65282527589025,4.24849524204936,1.06047704457579,0.693147180559945,52.182663,1,1.25276296849537,-0.230896445549698,-1.25001091255773,0.773129505406284,0.900930450199056,-0.0319634852620313,0.17342263794919,-0.1730416650018,0.107025959160451,0.124717715331198,0.0319634852620313,7.22375684806735,2.09556092355972,2.02683159140754,1,0.0687293321521807,-0.230896445549698,0.0095143473953679,-0.0319634852620313
"39",45,"Sparidae","Acanthopagrus,Archosargus,Argyrops,Argyrozona,Boops,Calamus,Cheimerius,Chrysoblephus,Chrysophrys,Cymatoceps,Dentex,Diplodus,Evynnis,Gymnocrotaphus,Lagodon,Lithognathus,Oblada,Pachymetopon,Pagellus,Pagrus,Parargyrops,Petrus,Polyamblyodon,Polysteganus,Porcostoma,Pterogymnus,Rhabdosargus,Sarpa,Sparidentex,Sparodon,Sparus,Spicara,Spondyliosoma,Stenotomus,Virididentex","45_1",0.245227691626171,4.040624851644,4.69012651135451,3.12055474057616,4.9416424226093,84.089783,"Nemipteridae","Nemipterus,Parascolopsis,Pentapodus,Scolopsis","45_2",0.293089861467362,3.2964040538186,4.41266892307887,0.122422650259947,4.18965474202643,84.089783,1,0.751987680582879,-0.0478621698411909,0.744220797825403,0.277457588275639,2.99813209031621,-0.00521940224076757,0.082004769071001,0.0811577852129215,0.0302569390975987,0.326948347771026,0.00521940224076757,9.17004814600229,4.95842930262565,4.21316409756408,1,0.745265205061571,-0.0478621698411909,0.0812716785338223,-0.00521940224076757
"40",46,"Acanthuridae","Acanthurus,Ctenochaetus,Naso,Paracanthurus,Prionurus,Zebrasoma","46_1",0.287903048034878,3.5247714409199,3.744566651446,1.41056971760652,4.40671924726425,67.390426,"Zanclidae","Zanclus","46_2",0.355490943286512,3.13549421592915,5.2040066870768,0.0250305636642689,0,67.390426,1,4.40671924726425,-0.0675878952516334,0.389277224990755,-1.4594400356308,1.38553915394226,-0.00823322191690572,0.536804665290261,0.047419819312522,-0.177781740991184,0.168779502401988,0.00823322191690572,8.20916719283997,4.40671924726425,0,1,4.40671924726425,-0.0675878952516334,0.536804665290261,-0.00823322191690572
"41",47,"Caproidae,Siganidae","Capros,Siganus","47_1",0.151926780223221,3.46161476349772,4.96783728313695,2.11628127512816,3.36729582998647,68.543859,"Caproidae","Antigonia","47_2",-0.557992356413765,2.94460902860593,6.59802660569551,0.300656895104304,2.83321334405622,68.543859,1,0.534082485930258,0.709919136636986,0.517005734891796,-1.63018932255856,1.81562438002385,0.0857481200862588,0.0645095571820502,0.0624469288865716,-0.196903650824624,0.219301564551899,0.0857481200862588,8.2791218737255,3.51035069555868,2.85761897142436,1,0.652731724134321,0.709919136636986,0.0788406951956851,0.0857481200862588
"42",48,"Priacanthidae","Cookeolus,Heteropriacanthus,Priacanthus,Pristigenys","48_1",0.277039136803276,3.80177010542879,5.58660610332372,0.176422938373463,2.94443897916644,62.729729,"Scatophagidae","Scatophagus,Selenotoca","48_2",0.333676546604847,3.6041356124041,1.6094379124341,0.881335463868211,1.38629436111989,62.729729,1,1.55814461804655,-0.0566374098015712,0.197634493024683,3.97716819088962,-0.704912525494748,-0.00715099835076795,0.196730211232219,0.0249531879834512,0.502154375940219,-0.0890017450464123,0.00715099835076795,7.92021016135304,2.94496515650034,1.54543258245819,1,1.39953257404215,-0.0566374098015712,0.176703969406168,-0.00715099835076795
"43",49,"Tetraodontidae","Arothron,Auriglobus,Canthigaster,Carinotetraodon,Chelonodon,Chonerhinos,Colomesus,Lagocephalus,Marilyna,Monotrete,Omegophora,Pelagocephalus,Polyspina,Reicheltia,Sphoeroides,Takifugu,Tetractenos,Tetraodon,Torquigener,Tylerius","49_1",0.377547084885551,2.92129803116223,3.91837542222317,2.37713884763076,5.20948615284142,71.846799,"Diodontidae","Allomycterus,Chilomycterus,Cyclichthys,Diodon","49_2",0.0939297956942239,3.77467096266611,4.57693466372073,1.81503924437362,2.70805020110221,71.846799,1,2.50143595173921,0.283617289191327,-0.853372931503885,-0.658559241497564,0.562099603257147,0.0334602352362366,0.295111188786204,-0.100678132541822,-0.0776946539484089,0.0663146629911252,0.0334602352362366,8.47624911148793,5.25227342804663,2.89037175789616,1,2.36190167015047,0.283617289191327,0.278649393037465,0.0334602352362366
"44",50,"Monacanthidae","Acanthaluteres,Acreichthys,Aluterus,Amanses,Brachaluteres,Cantherhines,Chaetodermis,Eubalichthys,Meuschenia,Monacanthus,Nelusetta,Oxymonacanthus,Paraluteres,Paramonacanthus,Pervagor,Pseudalutarius,Pseudomonacanthus,Rudarius,Scobinichthys,Stephanolepis,Thamnaconus","50_1",0.503381115792258,3.10529238116944,4.06384510939388,1.74986017237165,4.62497281328427,60.571481,"Balistidae","Abalistes,Balistapus,Balistes,Balistoides,Canthidermis,Melichthys,Odonus,Pseudobalistes,Rhinecanthus,Sufflamen,Xanthichthys","50_2",0.152903172102259,3.78714250580969,4.1635362144734,0.85642292130975,3.71357206670431,60.571481,1,0.911400746579963,0.35047794369,-0.681850124640257,-0.0996911050795193,0.893437251061897,0.0450325558032555,0.117104958296016,-0.0876102315142498,-0.012809209062675,0.114796846961471,0.0450325558032555,7.78276820931987,4.68213122712422,3.73766961828337,1,0.944461608840852,0.35047794369,0.121352914983368,0.0450325558032555
"45",51,"Triacanthidae","Pseudotriacanthus,Triacanthus,Trixiphichthys","51_1",0.60960849406747,3.32892471748301,4.32307073263672,0.432828310856216,1.38629436111989,69.594595,"Triacanthodidae","Parahollardia,Triacanthodes,Tydemania","51_2",-0.0330765472578465,2.56732151719572,6.17227072880939,2.0696135013504,1.94591014905531,69.594595,-1,0.559615787935423,-0.642685041325316,-0.761603200287295,1.84919999617267,1.63678519049418,-0.0770389643380718,0.0670814130680168,-0.0912937411234921,0.221664491000651,0.196202226302849,0.0770389643380718,8.34233750216329,1.94591014905531,3.13549421592915,-1,1.18958406687384,-0.642685041325316,0.142596012995801,-0.0770389643380718
"46",52,"Ostraciidae","Acanthostracion,Lactophrys,Lactoria,Ostracion,Rhinesomus,Rhynchostracion,Tetrosomus","52_1",-0.466624594618908,3.59162651051039,4.2408637704582,1.47611264870918,3.2188758248682,49,"Aracanidae","Anoplocapros,Aracana,Caprichthys,Capropygia,Kentrocapros","52_2",-0.398869578386971,2.77956539648759,5.20972400353512,3.23786140482211,2.484906649788,49,1,0.7339691750802,-0.0677550162319375,0.812061114022796,-0.968860233076925,-1.76174875611293,-0.00967928803313393,0.104852739297171,0.116008730574685,-0.138408604725275,-0.251678393730419,0.00967928803313393,7,3.25809653802148,2.56494935746154,1,0.693147180559945,-0.0677550162319375,0.0990210257942779,-0.00967928803313393
"47",53,"Oneirodidae","Bertella,Lophodolos,Oneirodes","53_1",-0.644587519144708,2.69048534801287,7.64785112219281,2.81011761169851,3.63758615972639,38.263467,"Himantolophidae,Melanocetidae","Himantolophus,Melanocetus","53_2",-0.761010690016338,2.04430626386049,7.93961376709182,1.58724944856715,3.29583686600433,38.263467,1,0.341749293722057,0.11642317087163,0.646179084152386,-0.291762644899007,1.22286816313136,0.0188211980333496,0.0552478607715672,0.10446257748168,-0.0471669211314722,0.197691264502248,0.0188211980333496,6.18574708503346,4.18813844150846,4.27597143333338,-1,0.0878329918249152,-0.11642317087163,0.0141992536418808,-0.0188211980333496
"48",54,"Stephanoberycidae,Barbourisiidae,Berycidae,Cetomimidae,Melamphaidae,Rondeletiidae","Acanthochaenus,Barbourisia,Beryx,Centroberyx,Cetomimus,Cetostoma,Ditropichthys,Gyrinomimus,Melamphaes,Parataeniophorus,Poromitra,Rondeletia,Scopeloberyx,Scopelogadus,Sio","54_1",-0.536952305809262,2.70729565832384,7.60385310891733,1.72821460681926,4.52178857704904,112.871622,"Anoplogastridae,Trachichthyidae,Diretmidae,Monocentridae","Anoplogaster,Aulotrachichthys,Diretmichthys,Diretmus,Gephyroberyx,Hoplostethus,Monocentris,Paratrachichthys","54_2",-0.338782753811464,3.17302004749266,6.9188817424241,1.62050036446288,3.95124371858143,112.871622,1,0.570544858467613,-0.198169551997798,-0.465724389168822,0.68497136649323,0.10771424235638,-0.0186528219435693,0.053702859740701,-0.0438365733704647,0.0644733199769433,0.0101386644073473,0.0186528219435693,10.6241057035404,4.75427960857593,4.17315574264639,1,0.581123865929542,-0.198169551997798,0.054698614843025,-0.0186528219435693
"49",55,"Trachipteridae,Lophotidae,Regalecidae","Desmodema,Lophotus,Regalecus,Trachipterus,Zu","55_1",-0.0217109870568977,5.39303346115176,5.75399279259366,1.19912656933979,2.70805020110221,86.820867,"Lamprididae,Veliferidae","Lampris,Metavelifer,Velifer","55_2",0.480842797639024,4.00682761015312,5.46016592793808,1.99030647211447,1.38629436111989,86.820867,1,1.32175583998232,-0.502553784695921,1.38620585099863,0.293826864655582,-0.79117990277468,-0.053934975869426,0.141853213537838,0.148770104614586,0.0315340274764357,-0.0849108498712168,0.053934975869426,9.3177715683526,2.83907846350861,1.58923520511658,1,1.24984325839203,-0.502553784695921,0.134135425967843,-0.053934975869426
"50",56,"Gadidae,Lotidae,Gaidropsaridae,Phycidae","Arctogadus,Boreogadus,Brosme,Ciliata,Eleginus,Enchelyopus,Gadiculus,Gadus,Gaidropsarus,Lota,Melanogrammus,Merlangius,Microgadus,Micromesistius,Molva,Phycis,Pollachius,Theragra,Trisopterus,Urophycis","56_1",-0.76273308499904,4.10760886063288,6.18481667289383,3.95542731468033,4.06044301054642,62.033951,"Gadidae,Lotidae,Gaidropsaridae,Phycidae","Arctogadus,Boreogadus,Brosme,Ciliata,Eleginus,Enchelyopus,Gadiculus,Gadus,Gaidropsarus,Lota,Melanogrammus,Merlangius,Microgadus,Micromesistius,Molva,Phycis,Pollachius,Theragra,Trisopterus,Urophycis","56_2",-0.270641425849697,4.10760886063288,6.18481667289383,3.95542731468033,4.06044301054642,62.033951,-1,0,0.492091659149343,0,0,0,0.0624785990092947,0,0,0,0,0.0624785990092947,7.87616346960879,4.23280130536912,3.1389664416399,1,1.09383486372922,-0.492091659149343,0.138879146928568,-0.0624785990092947
"51",57,"Oreosomatidae,Cyttidae,Grammicolepididae","Allocyttus,Cyttus,Grammicolepis,Neocyttus,Oreosoma,Pseudocyttus,Xenolepidichthys","57_1",0.129627281490776,3.59522442116663,6.99034911268005,3.05111074073472,2.70805020110221,54.949999,"Zeidae","Zenopsis,Zeus","57_2",0.439100379890057,4.40753530434594,6.09283082413502,2.62063733275635,1.79175946922805,54.949999,1,0.916290731874155,-0.309473098399281,-0.812310883179314,0.897518288545025,0.430473407978362,-0.0417483252813731,0.123608816806542,-0.109581799374418,0.121076389676415,0.0580714251229523,0.0417483252813731,7.41282665384804,2.77008559202166,1.79674701073909,1,0.973338581282569,-0.309473098399281,0.131304646221196,-0.0417483252813731
"52",58,"Notosudidae,Alepisauridae,Scopelarchidae,Evermannellidae,Paralepididae,Chlorophthalmidae,Sudidae","Ahliesaurus,Alepisaurus,Anotopterus,Benthalbella,Coccorella,Evermannella,Lestidiops,Lestidium,Lestrolepis,Macroparalepis,Magnisudis,Notolepis,Omosudis,Parasudis,Scopelosaurus,Stemonosudis,Sudis","58_1",0.0173447071229546,3.31475659171672,7.38110427281048,1.63863847675672,4.43081679884331,76.57157,"Chlorophthalmidae","Chlorophthalmus","58_2",-0.102821519416235,3.12709447840294,6.2803017564886,1.01740548351432,2.77258872223978,76.57157,1,1.65822807660353,0.120166226539189,0.187662113313777,1.10080251632188,0.621232993242398,0.0137324696465288,0.189500555894991,0.0214458284087372,0.125798550704117,0.0709938513409276,0.0137324696465288,8.75051827036548,4.69272308299595,2.8100049236252,1,1.88271815937075,0.120166226539189,0.215155045815602,0.0137324696465288
"53",59,"Salangidae,Plecoglossidae","Hemisalanx,Leucosoma,Neosalangichthys,Neosalanx,Plecoglossus,Protosalanx,Salangichthys,Salanx","59_1",-0.320173239876735,2.39694197334332,NA,3.52461178968356,3.13549421592915,68.761268,"Osmeridae","Allosmerus,Hypomesus,Mallotus,Osmerus,Spirinchus,Thaleichthys","59_2",0.26750659690633,3.31831506625346,5.14454234360851,3.94709288861313,2.70805020110221,68.761268,1,0.42744401482694,-0.587679836783066,-0.92137309291014,NA,-0.422481098929571,-0.0708710475279176,0.0515474637621545,-0.111112670831147,NA,-0.050948962628672,0.0708710475279176,8.29224143401529,3.13549421592915,2.70805020110221,1,0.42744401482694,-0.587679836783066,0.0515474637621545,-0.0708710475279176
"54",60,"Umbridae,Esocidae","Dallia,Esox,Novumbra","60_1",-0.14451723085902,3.46559957074191,2.59647842544511,NA,2.39789527279837,101.351657,"Umbridae","Umbra","60_2",-0.108021831597451,2.69655550216852,NA,NA,1.09861228866811,101.351657,1,1.29928298413026,-0.0364953992615691,0.769044068573389,NA,NA,-0.00362512254767729,0.129059008447234,0.0763898751500604,NA,NA,0.00362512254767729,10.0673560084066,2.39789527279837,1.09861228866811,1,1.29928298413026,-0.0364953992615691,0.129059008447234,-0.00362512254767729
"55",61,"Argentinidae,Opisthoproctidae,Microstomatidae","Argentina,Macropinna,Nansenia,Rhynchohyalus","61_1",-0.24037364042606,2.97259668521665,6.87858894423093,2.6868957027453,3.46573590279973,65.16813,"Bathylagidae","Bathylagus,Dolicholagus,Lipolagus,Pseudobathylagus","61_2",-0.487954180693707,2.89611712641738,8.27981522976636,2.81125753777414,2.30258509299405,65.16813,1,1.16315080980568,0.247580540267647,0.0764795587992682,-1.40122628553543,-0.124361835028849,0.0306689478314143,0.144084876248488,0.00947387705208446,-0.173576387726739,-0.0154052763056237,0.0306689478314143,8.07267799432134,4.17438726989564,3.09104245335832,1,1.08334481653732,0.247580540267647,0.134198938357183,0.0306689478314143
"56",62,"Nemacheilidae","Acanthocobitis,Barbatula,Claea,Homatula,Lefua,Nemacheilus,Oreonectes,Oxynoemacheilus,Paracobitis,Schistura,Sectoria,Traccatichthys,Triplophysa,Tuberoschistura,Yunnanilus","62_1",-0.411910904093898,2.27978994069313,0.693147180559945,NA,6.28599809450886,58.900779,"Balitoridae,Barbuccidae,Serpenticobitidae","Balitora,Barbucca,Beaufortia,Erromyzon,Formosania,Gastromyzon,Glaniopsis,Hemimyzon,Homaloptera,Jinshaia,Lepturichthys,Liniparhomaloptera,Metahomaloptera,Pseudogastromyzon,Serpenticobitis,Sewellia,Sinogastromyzon,Vanmanenia","62_2",0.0940269420340816,1.98702048763458,2.30258509299405,NA,5.38449506278909,58.900779,1,0.901503031719776,-0.50593784612798,0.292769453058554,-1.6094379124341,NA,-0.065922952241502,0.117464510236696,0.0381474262490093,-0.209707377001043,NA,0.065922952241502,7.67468429318106,6.40191719672719,5.15033926377654,1,1.25157793295065,-0.50593784612798,0.163078751534141,-0.065922952241502
"57",63,"Mochokidae","Atopochilus,Chiloglanis,Euchilichthys,Mochokiella,Mochokus,Synodontis","63_1",-0.34037845597184,2.12204418766239,4.54705239027317,NA,5.27299955856375,57.251842,"Malapteruridae","Malapterurus,Paradoxoglanis","63_2",0.147444529496594,3.40269322386252,NA,NA,3.04452243772342,57.251842,1,2.22847712084032,-0.487822985468434,-1.28064903620013,NA,NA,-0.0644714633396485,0.294519088438483,-0.169252617953312,NA,NA,0.0644714633396485,7.5664946970179,5.34233425196481,3.05964559929764,1,2.28268865266717,-0.487822985468434,0.301683770896822,-0.0644714633396485
"58",64,"Pseudopimelodidae,Pimelodidae,Heptapteridae","Batrochoglanis,Bergiaria,Brachyplatystoma,Calophysus,Cephalosilurus,Cheirocerus,Duopalatinus,Exallodontus,Hemisorubim,Hypophthalmus,Iheringichthys,Leiarius,Lophiosilurus,Luciopimelodus,Megalonema,Microglanis,Parapimelodus,Perrunichthys,Phractocephalus,Phreatobius,Pimelabditus,Pimelodina,Pimelodus,Pinirampus,Platynematichthys,Platysilurus,Platystomatichthys,Pseudopimelodus,Pseudoplatystoma,Sorubim,Sorubimichthys,Steindachneridion,Zungaro","64_1",-0.352696795844539,3.67461138832855,3.10490012910014,NA,4.95582705760126,54.184548,"Pseudopimelodidae,Pimelodidae,Heptapteridae","Batrochoglanis,Bergiaria,Brachyplatystoma,Calophysus,Cephalosilurus,Cheirocerus,Duopalatinus,Exallodontus,Hemisorubim,Hypophthalmus,Iheringichthys,Leiarius,Lophiosilurus,Luciopimelodus,Megalonema,Microglanis,Parapimelodus,Perrunichthys,Phractocephalus,Phreatobius,Pimelabditus,Pimelodina,Pimelodus,Pinirampus,Platynematichthys,Platysilurus,Platystomatichthys,Pseudopimelodus,Pseudoplatystoma,Sorubim,Sorubimichthys,Steindachneridion,Zungaro","64_2",-0.288472718263155,3.67461138832855,3.10490012910014,NA,4.95582705760126,54.184548,-1,0,0.064224077581384,0,0,NA,0.00872489377143182,0,0,0,NA,0.00872489377143182,7.36101541908452,5.01979323188102,3.61199840977798,1,1.40779482210304,-0.064224077581384,0.191250084662658,-0.00872489377143182
"59",65,"Ariidae,Anchariidae,Bagridae","Amissidens,Amphiarius,Ariopsis,Arius,Aspistor,Bagre,Brustiarius,Carlarius,Cathorops,Cephalocassis,Cinetodus,Cochlefelis,Cryptarius,Galeichthys,Genidens,Gogo,Hemiarius,Hexanematichthys,Ketengus,Nedystoma,Nemapteryx,Neoarius,Netuma,Notarius,Occidentarius,Osteogeneiosus,Plicofollis,Potamarius,Potamosilurus,Sciades,Tachysurus","65_1",-0.239093361484389,3.82527302194712,4.14355618508815,1.15427396028898,5.15905529921453,65.05683,"Ictaluridae,Cranoglanididae","Ameiurus,Cranoglanis,Ictalurus,Noturus,Prietella,Pylodictis","65_2",-0.181634468967085,3.90484200737571,1.84443972705697,NA,3.98898404656427,65.05683,1,1.17007125265025,-0.0574588925173042,-0.079568985428589,2.29911645803118,NA,-0.00712378497356598,0.145066074935592,-0.00986500640588168,0.285045718054316,NA,0.00712378497356598,8.06578142525571,5.45579109037223,4.03883185229184,1,1.41695923808039,-0.0574588925173042,0.175675382628592,-0.00712378497356598
"60",66,"Pangasiidae","Helicophagus,Pangasianodon,Pangasius,Pseudolais","66_1",-0.539227241637036,4.51143095218658,NA,NA,3.3322045101752,65.879322,"Plotosidae","Cnidoglanis,Neosilurus,Plotosus,Porochilus,Tandanus","66_2",0.670078444081284,3.96614422468753,3.74777097194213,1.87410131318618,3.29583686600433,65.879322,1,0.0363676441708747,-1.20930568571832,0.545286727499045,NA,NA,-0.14899151433206,0.00448064574714174,0.0671816036546608,NA,NA,0.14899151433206,8.11660778897194,3.34250838531348,3.68987895444702,-1,0.347370569133544,1.20930568571832,0.0427975058257117,0.14899151433206
"61",67,"Amblycipitidae,Erethistidae,Sisoridae","Amblyceps,Ayarnangra,Bagarius,Caelatoglanis,Conta,Creteuchiloglanis,Erethistes,Erethistoides,Euchiloglanis,Exostoma,Gagata,Glaridoglanis,Glyptosternon,Glyptothorax,Gogangra,Hara,Myersglanis,Nangra,Oreoglanis,Pareuchiloglanis,Pseudecheneis,Pseudexostoma,Pseudolaguvia,Sisor","67_1",0.296787720392197,2.4147198891845,NA,NA,5.5683445037611,58.067337,"Akysidae,Amblycipitidae","Acrochordonichthys,Akysis,Breitensteinia,Liobagrus,Parakysis,Xiurenbagrus","67_2",-0.0885660849219321,2.09330752923107,NA,NA,4.06044301054642,58.067337,1,1.50790149321468,0.385353805314129,0.321412359953424,NA,NA,0.050570086580772,0.197882330511777,0.0421790329998823,NA,NA,0.050570086580772,7.62019271409851,5.58221729570436,4.29401475735067,1,1.28820253835369,0.385353805314129,0.169051175827918,0.050570086580772
"62",68,"Heptapteridae,Akysidae,Schilbeidae,Amblycipitidae,Ictaluridae,Ariidae,Amphiliidae,Claroteidae,Mochokidae,Erethistidae,Sisoridae,Bagridae,Pseudopimelodidae,Siluridae,Pimelodidae,Chacidae,Plotosidae,Cranoglanididae,Anchariidae,Pangasiidae,Horabagridae,Lacantuniidae,Malapteruridae","Acentronichthys,Acrochordonichthys,Ailia,Akysis,Amblyceps,Ameiurus,Amissidens,Amphiarius,Amphilius,Anaspidoglanis,Ariopsis,Arius,Aspistor,Atopochilus,Auchenoglanis,Ayarnangra,Bagarius,Bagre,Bagrichthys,Bagrus,Batasio,Bathybagrus,Batrochoglanis,Belodontichthys,Belonoglanis,Bergiaria,Brachyplatystoma,Breitensteinia,Brustiarius,Caelatoglanis,Calophysus,Carlarius,Cathorops,Cephalocassis,Cephalosilurus,Ceratoglanis,Cetopsorhamdia,Chaca,Chandramara,Chasmocranus,Cheirocerus,Chiloglanis,Chrysichthys,Cinetodus,Clarotes,Clupisoma,Cnidoglanis,Cochlefelis,Conorhynchos,Conta,Coreobagrus,Cranoglanis,Creteuchiloglanis,Cryptarius,Duopalatinus,Erethistes,Erethistoides,Euchilichthys,Euchiloglanis,Eutropiichthys,Exallodontus,Exostoma,Gagata,Galeichthys,Genidens,Gladioglanis,Glaridoglanis,Glyptosternon,Glyptothorax,Goeldiella,Gogangra,Gogo,Hara,Helicophagus,Hemiarius,Hemibagrus,Hemisilurus,Hemisorubim,Heptapterus,Hexanematichthys,Horabagrus,Hyalobagrus,Hypophthalmus,Ictalurus,Iheringichthys,Imparfinis,Ketengus,Kryptopterus,Lacantunia,Laides,Leiarius,Leiocassis,Liobagrus,Lophiobagrus,Lophiosilurus,Luciopimelodus,Malapterurus,Megalonema,Microglanis,Mochokiella,Mochokus,Myersglanis,Mystus,Nangra,Nanobagrus,Nedystoma,Nemapteryx,Nemuroglanis,Neoarius,Neosilurus,Netuma,Notarius,Noturus,Occidentarius,Olyra,Ompok,Oreoglanis,Osteogeneiosus,Pangasianodon,Pangasius,Paradoxoglanis,Parailia,Parakysis,Parapimelodus,Parauchenoglanis,Pareuchiloglanis,Pareutropius,Pelteobagrus,Perrunichthys,Phalacronotus,Phenacorhamdia,Phractocephalus,Phractura,Phreatobius,Phyllonemus,Pimelabditus,Pimelodella,Pimelodina,Pimelodus,Pinirampus,Platynematichthys,Platysilurus,Platystomatichthys,Plicofollis,Plotosus,Porochilus,Potamarius,Potamosilurus,Prietella,Pseudecheneis,Pseudeutropius,Pseudexostoma,Pseudobagrus,Pseudolaguvia,Pseudolais,Pseudomystus,Pseudopimelodus,Pseudoplatystoma,Pterocryptis,Pylodictis,Rhamdia,Rhamdiopsis,Schilbe,Sciades,Silonia,Silurus,Sisor,Sorubim,Sorubimichthys,Sperata,Steindachneridion,Synodontis,Tachysurus,Tandanus,Taunayia,Wallago,Xiurenbagrus,Zungaro","68_1",-0.154058350756385,3.23415024907702,3.41559338471241,1.2262566955787,7.38523092306657,72.130139,"Clariidae,Heteropneustidae,Bagridae","Bathyclarias,Channallabes,Clariallabes,Clarias,Dinotopterus,Dolichallabes,Gymnallabes,Heterobranchus,Heteropneustes,Platyallabes,Rita,Tanganikallabes","68_2",-0.0196977327978,3.86089205861435,3.43734268886493,NA,4.71849887129509,72.130139,1,2.66673205177148,-0.134360617958585,-0.626741809537333,-0.0217493041525234,NA,-0.0158202596854389,0.31399374468129,-0.0737955684727408,-0.00256086675469574,NA,0.0158202596854389,8.49294642629989,7.45652965345389,4.83262443288939,1,2.62390522056451,-0.134360617958585,0.308951109409937,-0.0158202596854389
"63",69,"Clariidae","Bathyclarias,Channallabes,Clariallabes,Clarias,Dinotopterus,Dolichallabes,Gymnallabes,Heterobranchus,Platyallabes,Tanganikallabes","69_1",-0.677945316641935,3.91253200845197,4.58312358515324,NA,4.62497281328427,35.980964,"Heteropneustidae","Heteropneustes","69_2",-0.431393871918732,3.07101870279368,0,NA,1.38629436111989,35.980964,1,3.23867845216438,-0.246551444723203,0.841513305658293,4.58312358515324,NA,-0.0411027760080987,0.539922510415695,0.140289313449934,0.764055965478021,NA,0.0411027760080987,5.99841345690675,4.73873907790951,1.53901544813755,1,3.19972362977195,-0.246551444723203,0.533428322798872,-0.0411027760080987
"64",70,"Doradidae","Acanthodoras,Agamyxis,Anduzedoras,Centrochir,Centrodoras,Doraops,Doras,Franciscodoras,Hassar,Hemidoras,Kalyptodoras,Leptodoras,Lithodoras,Megalodoras,Nemadoras,Opsodoras,Orinocodoras,Ossancora,Oxydoras,Platydoras,Pterodoras,Rhinodoras,Rhynchodoras,Trachydoras,Wertheimeria","70_1",-0.167373635714165,3.20350238068176,3.17805383034795,NA,4.34380542185368,51.275165,"Auchenipteridae,Doradidae","Ageneiosus,Amblydoras,Anadoras,Astrodoras,Auchenipterichthys,Auchenipterus,Centromochlus,Epapterus,Glanidium,Hypodoras,Liosomadoras,Physopyxis,Pseudepapterus,Scorpiodoras,Tatia,Trachelyopterus,Trachycorystes","70_2",-0.145764773368179,2.62486312369057,NA,NA,4.64439089914137,51.275165,-1,0.300585477287688,0.0216088623459862,-0.578639256991197,NA,NA,0.00301771602874974,0.0419772960879144,-0.0808080005660511,NA,NA,0.00301771602874974,7.16066791577434,4.99267496871926,4.77017602057236,1,0.222498948146905,-0.0216088623459862,0.0310723735221345,-0.00301771602874974
"65",72,"Acestrorhynchidae,Iguanodectidae","Acestrorhynchus,Bryconops,Gilbertolus,Gnathocharax,Heterocharax,Iguanodectes,Piabucus,Roestes","72_1",0.32069195170574,2.29340333415784,NA,NA,3.98898404656427,69.224409,"Acestrorhynchidae,Iguanodectidae","Acestrorhynchus,Bryconops,Gilbertolus,Gnathocharax,Heterocharax,Iguanodectes,Piabucus,Roestes","72_2",0.244271574395024,2.29340333415784,NA,NA,3.98898404656427,69.224409,-1,0,-0.0764203773107167,0,NA,NA,-0.00918500821917975,0,0,NA,NA,0.00918500821917975,8.3201207322971,3.67908161163383,3.40286266098122,1,0.276218950652609,0.0764203773107167,0.0331989113547812,0.00918500821917975
"66",73,"Bryconidae,Gasteropelecidae,Triportheidae","Brycon,Carnegiella,Engraulisoma,Gasteropelecus,Henochilus,Salminus,Thoracocharax","73_1",-0.171668898373116,2.54861559746712,NA,NA,4.04305126783455,66.890527,"Triportheidae","Agoniates,Clupeacharax,Lignobrycon,Triportheus","73_2",-0.337628905304595,2.47206089945959,1.6094379124341,NA,3.09104245335832,66.890527,1,0.952008814476234,0.165960006931479,0.0765546980075311,NA,NA,0.0202918262743004,0.116401522463966,0.00936029505645738,NA,NA,0.0202918262743004,8.17866291028063,4.17454110421638,3.5720646995221,1,0.602476404694276,0.165960006931479,0.0736644132792121,0.0202918262743004
"67",74,"Erythrinidae","Erythrinus,Hoplerythrinus,Hoplias","74_1",-0.263949920956534,3.44521118773405,NA,NA,2.77258872223978,77.756798,"Ctenoluciidae,Lebiasinidae","Ctenolucius,Nannostomus","74_2",0.121441225203229,2.44357240351611,NA,NA,2.99573227355399,77.756798,-1,0.22314355131421,0.385391146159763,-1.00163878421793,NA,NA,0.0437051433484425,0.0253055136181701,-0.113590483548517,NA,NA,0.0437051433484425,8.81798151506341,2.77258872223978,3.31345846735415,-1,0.540869745114367,0.385391146159763,0.0613371375513116,0.0437051433484425
"68",75,"Anostomidae,Curimatidae,Prochilodontidae","Anostomus,Curimatella,Curimatopsis,Cyphocharax,Leporinus,Potamorhina,Prochilodus,Schizodon,Semaprochilodus,Steindachnerina","75_1",-0.372181697442278,2.94720930991079,NA,NA,5.32787616878958,52.615819,"Anostomidae,Curimatidae,Prochilodontidae","Anostomus,Curimatella,Curimatopsis,Cyphocharax,Leporinus,Potamorhina,Prochilodus,Schizodon,Semaprochilodus,Steindachnerina","75_2",-0.61671590935676,2.94720930991079,NA,NA,5.32787616878958,52.615819,-1,0,-0.244534211914482,0,NA,NA,-0.03371176267198,0,0,NA,NA,0.03371176267198,7.25367624036254,4.24319550895446,3.07223024452672,1,1.17096526442774,0.244534211914482,0.161430594036165,0.03371176267198
"69",76,"Parodontidae","Apareiodon,Parodon","76_1",-0.356914258286412,2.57968853097719,NA,NA,3.36729582998647,60.58244,"Chilodontidae","Caenotropus,Chilodus","76_2",-0.00304312561345233,2.90676666930766,NA,NA,2.07944154167984,60.58244,1,1.28785428830664,-0.35387113267296,-0.327078138330474,NA,NA,-0.0454644305375858,0.165460124964082,-0.0420221372344368,NA,NA,0.0454644305375858,7.7834722328791,3.47908392031923,2.08567209143047,1,1.39341182888875,-0.35387113267296,0.179021879592847,-0.0454644305375858
"70",77,"Alestidae","Alestes,Alestopetersius,Bathyaethiops,Brachypetersius,Brycinus,Bryconaethiops,Clupeocharax,Hemigrammopetersius,Hydrocynus,Ladigesia,Micralestes,Nannopetersius,Phenacogrammus,Rhabdalestes","77_1",0.0412830082370995,2.41952611693506,NA,NA,4.75359019110636,68.634374,"Alestidae,Hepsetidae","Arnoldichthys,Hepsetus","77_2",-0.223816277543767,3.02524394377872,NA,NA,1.6094379124341,68.634374,1,3.14415227867226,0.265099285780866,-0.605717826843659,NA,NA,0.0319990967284681,0.379518309896287,-0.0731138270487436,NA,NA,0.0319990967284681,8.28458653162606,5.48848307736504,2.57031952763613,1,2.91816354972891,0.265099285780866,0.352240095337159,0.0319990967284681
"71",78,"Distichodontidae","Distichodus,Hemigrammocharax,Hemistichodus,Nannocharax,Neolebias,Xenocharax","78_1",0.0895737579523882,2.37912186104605,NA,NA,4.33073334028633,84.257022,"Citharinidae","Citharinus","78_2",0.161694014348811,3.9775056634711,NA,NA,1.79175946922805,84.257022,1,2.53897387105828,-0.0721202563964229,-1.59838380242504,NA,NA,-0.00785695398012353,0.276601912671936,-0.174131771096301,NA,NA,0.00785695398012353,9.17916238008676,4.59511985013459,2.07944154167984,1,2.51567830845475,-0.0721202563964229,0.274064038120979,-0.00785695398012353
"72",82,"Ophichthidae,Congridae,Colocongridae,Muraenesocidae,Derichthyidae,Nettastomatidae","Ahlia,Apterichtus,Ariosoma,Bathycongrus,Bathyuroconger,Brachysomophis,Callechelys,Coloconger,Conger,Congresox,Cynoponticus,Derichthys,Echelus,Echiophis,Facciolella,Gnathophis,Gorgasia,Heteroconger,Hoplunnis,Leiuranus,Macrocephenchelys,Muraenesox,Muraenichthys,Myrichthys,Myrophis,Nessorhamphus,Nettastoma,Ophichthus,Ophisurus,Oxyconger,Parabathymyrus,Paraconger,Pisodonophis,Poeciloconger,Rhynchoconger,Saurenchelys,Scolecenchelys,Thalassenchelys,Uroconger,Venefica,Xenomystax,Xyrias","82_1",-0.454609134879582,4.30524529182507,5.30544902276942,1.76586666873849,5.98896141688986,105.711107,"Ophichthidae,Congridae,Colocongridae,Muraenesocidae,Derichthyidae,Nettastomatidae","Ahlia,Apterichtus,Ariosoma,Bathycongrus,Bathyuroconger,Brachysomophis,Callechelys,Coloconger,Conger,Congresox,Cynoponticus,Derichthys,Echelus,Echiophis,Facciolella,Gnathophis,Gorgasia,Heteroconger,Hoplunnis,Leiuranus,Macrocephenchelys,Muraenesox,Muraenichthys,Myrichthys,Myrophis,Nessorhamphus,Nettastoma,Ophichthus,Ophisurus,Oxyconger,Parabathymyrus,Paraconger,Pisodonophis,Poeciloconger,Rhynchoconger,Saurenchelys,Scolecenchelys,Thalassenchelys,Uroconger,Venefica,Xenomystax,Xyrias","82_2",0.0330265689899539,4.30524529182507,5.30544902276942,1.76586666873849,5.98896141688986,105.711107,-1,0,0.487635703869536,0,0,0,0.0474280409366002,0,0,0,0,0.0474280409366002,10.2815906843251,6.14662899860933,4.31240856779301,1,1.83422043081632,-0.487635703869536,0.178398507306141,-0.0474280409366002
"73",83,"Muraenidae,Heterenchelyidae","Anarchias,Echidna,Enchelycore,Enchelynassa,Gymnomuraena,Gymnothorax,Muraena,Pseudechidna,Pythonichthys,Rhinomuraena,Scuticaria,Strophidon,Uropterygius","83_1",0.414672588859078,4.58896818895309,3.50854915573053,0.945849725528127,5.29831736654804,99.574223,"Congridae,Chlopsidae","Bassanago,Chilorhinus,Kaupichthys","83_2",0.513030790597428,3.49000744534088,5.69097291752132,2.29391022440629,2.484906649788,99.574223,1,2.81341071676004,-0.0983582017383505,1.09896074361221,-2.18242376179079,-1.34806049887816,-0.00985682660814206,0.281941933895481,0.110130780224674,-0.218708478045237,-0.135093956171289,0.00985682660814206,9.97868844087238,5.3468694071302,3.50375396998725,1,1.84311543714295,-0.0983582017383505,0.18470517924917,-0.00985682660814206
"74",84,"Anguillidae","Anguilla","84_1",-1.10619597224153,4.77865441140407,6.3744477221788,2.53971769287568,3.09104245335832,85.334715,"Nemichthyidae,Serrivomeridae","Avocettina,Nemichthys,Serrivomer,Stemonidium","84_2",0.440054600875878,4.15361138093655,7.75935958774412,1.60694999061214,2.89037175789616,85.334715,1,0.200670695462152,-1.54625057311741,0.625043030467517,-1.38491186556532,0.932767702263546,-0.167385179521755,0.0217230641453978,0.0676623450833688,-0.149919893495721,0.100974248294505,0.167385179521755,9.23767909163335,3.19663021592088,3.11971825333498,1,0.0769119625858989,-1.54625057311741,0.00832589677807262,-0.167385179521755
"75",85,"Moringuidae","Moringua,Neoconger","85_1",0.0982585563401343,3.57448417680214,3.95050352599621,2.13867747705438,2.70805020110221,70.845326,"Eurypharyngidae,Saccopharyngidae","Eurypharynx,Saccopharynx","85_2",-0.0472299818870139,4.84328727548628,8.47277758456293,2.78888101736742,2.39789527279837,70.845326,1,0.310154928303839,0.145488538227148,-1.26880309868414,-4.52227405856672,-0.650203540313031,0.0172851510415458,0.0368487775555319,-0.150743511963091,-0.537280744628473,-0.0772491533629376,0.0172851510415458,8.41696655571353,2.73566536813518,2.98517675961447,-1,0.249511391479291,-0.145488538227148,0.0296438615774136,-0.0172851510415458
"76",86,"Elopidae","Elops","86_1",-0.228324449017353,4.66855151493816,3.20526849336145,1.87554906065759,1.94591014905531,130.966261,"Megalopidae","Megalops","86_2",0.286016936882709,5.26604810597925,3.68887945411394,1.24131054228448,0.693147180559945,130.966261,1,1.25276296849537,-0.514341385900062,-0.597496591041088,-0.483610960752487,0.634238518373114,-0.0449440035651366,0.109468506454713,-0.052210243340452,-0.0422587280355895,0.0554208139036411,0.0449440035651366,11.4440491522887,1.94591014905531,0.693147180559945,1,1.25276296849537,-0.514341385900062,0.109468506454713,-0.0449440035651366
"77",88,"Acipenseridae","Acipenser,Huso,Pseudoscaphirhynchus,Scaphirhynchus","88_1",-1.09470294013858,5.20147354818871,3.14268772759723,3.71285759425283,3.2188758248682,120.8,"Polyodontidae","Polyodon,Psephurus","88_2",-0.901089360412816,5.55097258808698,NA,NA,0.693147180559945,120.8,1,2.52572864430826,-0.193613579725762,-0.349499039898265,NA,NA,-0.0176157990530288,0.229801692234777,-0.0317989309675219,NA,NA,0.0176157990530288,10.9909053312273,3.2188758248682,0.693147180559945,1,2.52572864430826,-0.193613579725762,0.229801692234777,-0.0176157990530288
