"","Pair","Family_first","Genus_first","Sister_first","Blen_first","Length_first","Depth_first","Lat_first","N_spp_first","Age_first","Family_last","Genus_last","Sister_last","Blen_last","Length_last","Depth_last","Lat_last","N_spp_last","Age_last","swap","N_spp_diff","Blen_diff","Length_diff","Depth_diff","Lat_diff","Blen_std","N_spp_std","Length_std","Depth_std","Lat_std","rate.std","time.std","N_spp_ata_first","N_spp_ata_last","swap_ata","N_spp_ata_diff","Blen_ata_diff","N_spp_ata_std","Blen_ata_std"
"1",2,"Poeciliidae","Xiphophorus","2_1",-2.5975133557848,1.56671518820146,0.895879734614027,NA,3.3322045101752,37.123753,"Poeciliidae","Pseudoxiphophorus","2_2",-2.48291762920159,1.99655430838712,NA,NA,1.09861228866811,37.123753,1,2.23359222150709,-0.114595726583206,-0.429839120185662,NA,NA,-0.0188079943356171,0.366587752464589,-0.0705472357366543,NA,NA,0.0188079943356171,6.09292647255816,3.34250838531348,1.96290772542388,1,1.37960065988959,-0.114595726583206,0.226426605688277,-0.0188079943356171
"2",4,"Rivulidae","Anablepsoides,Aphyolebias,Austrofundulus,Gnatholebias,Llanolebias,Melanorivulus,Micromoema,Moema,Neofundulus,Pterolebias,Rachovia,Renova,Terranatos,Trigonectes","4_1",-1.92977403914806,1.96427648686645,NA,NA,4.84418708645859,54.169674,"Rivulidae","Cynodonichthys,Maratecoara,Papiliolebias,Pituna,Plesiolebias","4_2",-2.19500504232742,1.47882651494508,NA,NA,3.8286413964891,54.169674,1,1.0155456899695,0.265231003179359,0.485449971921363,NA,NA,0.0360367964695893,0.137981657107601,0.0659578315679329,NA,NA,0.0360367964695893,7.3600050271722,4.95498162990542,3.83686833182739,1,1.11811329807804,0.265231003179359,0.151917463907987,0.0360367964695893
"3",5,"Nothobranchiidae","Aphyosemion,Episemion","5_1",-2.25919041067486,1.54198934168753,NA,NA,4.60517018598809,50.827893,"Nothobranchiidae","Fundulopanchax,Nothobranchius,Pronothobranchius","5_2",-2.12860657610434,1.67328920219045,NA,NA,4.52178857704904,50.827893,1,0.0833816089390513,-0.130583834570514,-0.131299860502915,NA,NA,-0.0183163259702257,0.0116955114258408,-0.0184167592621728,NA,NA,0.0183163259702257,7.12936834509201,4.89731727539903,4.21479071529797,1,0.682526560101063,-0.130583834570514,0.0957345064897547,-0.0183163259702257
"4",7,"Atherinidae,Melanotaeniidae,Telmatherinidae,Pseudomugilidae","Alepidomus,Atherinomorus,Cairnsichthys,Chilatherina,Glossolepis,Hypoatherina,Iriatherina,Marosatherina,Melanotaenia,Paratherina,Pseudomugil,Rhadinocentrus,Telmatherina,Teramulus,Tominanga","7_1",-1.29394857077958,1.9493586755901,1.83851917595458,0.28736922112338,4.93447393313069,53.494379,"Atherinidae,Bedotiidae,Isonidae","Atherina,Bedotia,Iso,Rheocles","7_2",-1.74590503868215,2.2215754850439,NA,3.04786485624451,3.25809653802148,53.494379,1,1.67637739510921,0.451956467902565,-0.272216809453793,NA,-2.76049563512113,0.0617934624805249,0.229201640035414,-0.0372186712574662,NA,-0.377427021341544,0.0617934624805249,7.31398516542111,4.9988325819771,3.26728496407589,1,1.73154761790122,0.451956467902565,0.236744753884324,0.0617934624805249
"5",15,"Pomacentridae","Abudefduf,Acanthochromis,Altrichthys,Amblyglyphidodon,Amblypomacentrus,Amphiprion,Azurina,Cheiloprion,Chromis,Chrysiptera,Dascyllus,Dischistodus,Hemiglyphidodon,Neoglyphidodon,Neopomacentrus,Pomacentrus,Pomachromis,Premnas,Pristotis,Teixeirichthys","15_1",-1.67239690390793,2.38846270528032,2.96551997038032,1.09211096076338,5.77144112313002,48.718781,"Pomacentridae","Abudefduf,Acanthochromis,Altrichthys,Amblyglyphidodon,Amblypomacentrus,Amphiprion,Azurina,Cheiloprion,Chromis,Chrysiptera,Dascyllus,Dischistodus,Hemiglyphidodon,Neoglyphidodon,Neopomacentrus,Pomacentrus,Pomachromis,Premnas,Pristotis,Teixeirichthys","15_2",-1.7986115159742,2.38846270528032,2.96551997038032,1.09211096076338,5.77144112313002,48.718781,-1,0,-0.126214612066264,0,0,0,-0.0180826230947925,0,0,0,0,0.0180826230947925,6.97988402482448,5.00233426905687,3.74076007599093,1,1.26157419306594,0.126214612066264,0.180744291535369,0.0180826230947925
"6",17,"Mugilidae","Aldrichetta,Chelon,Crenimugil,Ellochelon,Liza,Moolgarda,Mugil,Myxus,Oedalechilus,Paramugil,Rhinomugil,Sicamugil,Valamugil","17_1",-2.08117905027404,3.51952277070609,2.83906439713875,1.33127299875584,4.20469261939097,49.472625,"Mugilidae","Aldrichetta,Chelon,Crenimugil,Ellochelon,Liza,Moolgarda,Mugil,Myxus,Oedalechilus,Paramugil,Rhinomugil,Sicamugil,Valamugil","17_2",-1.88949578973306,3.51952277070609,2.83906439713875,1.33127299875584,4.20469261939097,49.472625,-1,0,0.191683260540971,0,0,0,0.0272522089979917,0,0,0,0,0.0272522089979917,7.03367791414989,3.76699723337789,1.870262530716,1,1.89673470266189,-0.191683260540971,0.269664708252586,-0.0272522089979917
"7",24,"Scophthalmidae","Lepidorhombus,Phrynorhombus,Scophthalmus,Zeugopterus","24_1",-2.09734892608396,3.45962535314728,5.43551597058721,3.90770119076318,2.19722457733622,49.673116,"Scophthalmidae","Lepidorhombus,Phrynorhombus,Scophthalmus,Zeugopterus","24_2",-1.99660520137271,3.45962535314728,5.43551597058721,3.90770119076318,2.19722457733622,49.673116,-1,0,0.100743724711255,0,0,0,0.0142941159783655,0,0,0,0,0.0142941159783655,7.04791572026794,1.6094379124341,1.09861228866811,1,0.51082562376599,-0.100743724711255,0.0724789631489195,-0.0142941159783655
"8",25,"Carangidae","Alectis,Alepes,Atropus,Atule,Carangoides,Caranx,Chloroscombrus,Gnathanodon,Hemicaranx,Megalaspis,Parastromateus,Selaroides,Selene,Uraspis","25_1",-1.99910841464362,3.94670542465078,4.28445500073634,0.717443327138751,4.23410650459726,35.99903,"Carangidae","Alectis,Alepes,Atropus,Atule,Carangoides,Caranx,Chloroscombrus,Gnathanodon,Hemicaranx,Megalaspis,Parastromateus,Selaroides,Selene,Uraspis","25_2",-1.73732810374002,3.94670542465078,4.28445500073634,0.717443327138751,4.23410650459726,35.99903,-1,0,0.261780310903607,0,0,0,0.0436306396229,0,0,0,0,0.0436306396229,5.99991916612216,3.1730412885244,2.43886271128659,1,0.734178577237808,-0.261780310903607,0.122364744742439,-0.0436306396229
"9",30,"Anabantidae,Osphronemidae,Helostomatidae","Anabas,Belontia,Betta,Ctenopoma,Ctenops,Helostoma,Luciocephalus,Macropodus,Malpulutta,Microctenopoma,Osphronemus,Parasphaerichthys,Parosphromenus,Pseudosphromenus,Sandelia,Sphaerichthys,Trichogaster,Trichopodus,Trichopsis","30_1",-0.82734393734726,2.23938044666675,0,NA,5.11198778835654,78.145759,"Channidae","Channa","30_2",-1.35436555402587,3.5023379490369,2.30258509299405,NA,3.55534806148941,78.145759,1,1.55663972686713,0.527021616678611,-1.26295750237015,-2.30258509299405,NA,0.0596177692900006,0.176090287698024,-0.142868350398794,-0.260473161821798,NA,0.0596177692900006,8.8400089932081,5.11198778835654,3.63758615972639,1,1.47440162863016,0.527021616678611,0.166787344872948,0.0596177692900006
"10",31,"Gobiidae","Babka,Benthophilus,Caspiosoma,Gobius,Mesogobius,Neogobius,Ponticola,Proterorhinus,Thorogobius,Zosterisessor","31_1",0.646158031089457,2.60066785421741,3.5355582497834,3.73413346714811,4.33073334028633,44.393379,"Gobiidae","Babka,Benthophilus,Caspiosoma,Gobius,Mesogobius,Neogobius,Ponticola,Proterorhinus,Thorogobius,Zosterisessor","31_2",0.659819688218601,2.60066785421741,3.5355582497834,3.73413346714811,4.33073334028633,44.393379,-1,0,0.013661657129144,0,0,0,0.0020504268499538,0,0,0,0,0.0020504268499538,6.66283565758604,3.10816770288378,1.62334081760309,1,1.48482688528069,-0.013661657129144,0.22285209505207,-0.0020504268499538
"11",33,"Gobiidae","Bryaninops,Gobiodon,Paragobiodon,Pleurosicya","33_1",0.494058233474,1.01994899016487,3.3584762405157,0.667842574773756,4.07753744390572,46.029167,"Gobiidae","Paragobiodon","33_2",0.298616819598294,1.38629436111989,4.04932142187971,1.06599966740287,1.6094379124341,46.029167,1,2.46809953147162,0.195441413875706,-0.366345370955023,-0.690845181364005,-0.398157092629116,0.0288071330222209,0.363786109122196,-0.0539975618467832,-0.101827287485598,-0.0586864580216455,0.0288071330222209,6.78447986215598,4.181592022453,2.02946317187359,1,2.1521288505794,0.195441413875706,0.317213536528281,0.0288071330222209
"12",35,"Eleotridae","Bostrychus,Oxyeleotris","35_1",-2.16701453088954,3.41727933700402,NA,-0.128448771313062,3.25809653802148,59.755174,"Eleotridae","Ophiocara","35_2",-2.09076136986654,3.52636052461616,1.6094379124341,0.865369564711564,0.693147180559945,59.755174,1,2.56494935746154,-0.0762531610230077,-0.109081187612139,NA,-0.993818336024625,-0.009864386816485,0.331811196903182,-0.0141111399786173,NA,-0.128563961943878,0.009864386816485,7.73014708786321,3.32467624375441,1.57069708411767,1,1.75397915963674,-0.0762531610230077,0.226901136511438,-0.009864386816485
"13",36,"Eleotridae","Calumia,Eleotris,Erotelis,Gobiomorphus,Philypnodon","36_1",-1.85146488864049,2.3525181010881,2.50531764704813,2.23095506688885,3.89182029811063,47.264312,"Eleotridae","Dormitator,Gobiomorus,Guavina,Hemieleotris,Microphilypnus","36_2",-1.92747610490078,2.89162162691085,NA,2.70387178712464,2.83321334405622,47.264312,1,1.05860695405441,0.0760112162602871,-0.539103525822749,NA,-0.472916720235788,0.0110563304795153,0.153981332068932,-0.07841614747694,NA,-0.0687888420349773,0.0110563304795153,6.87490450842774,4.32492704263331,3.49347265777133,1,0.831454384861983,0.0760112162602871,0.120940499441516,0.0110563304795153
"14",37,"Odontobutidae,Rhyacichthyidae","Odontobutis,Perccottus,Rhyacichthys","37_1",-1.00725262917632,3.05877374307819,NA,NA,2.39789527279837,69.936955,"Odontobutidae","Micropercops","37_2",-1.16539332235846,NA,NA,NA,1.38629436111989,69.936955,1,1.01160091167848,0.158140693182144,NA,NA,NA,0.0189099455510539,0.120963920002575,NA,NA,NA,0.0189099455510539,8.36283175724587,2.99573227355399,1.7263316639056,1,1.26940060964839,0.158140693182144,0.151790762566583,0.0189099455510539
"15",38,"Syngnathidae","Bryx,Cosmocampus,Enneacampus,Hippichthys,Hippocampus,Idiotropiscis,Penetopteryx,Vanacampus","38_1",-1.18298256552609,2.35051440926833,3.30893107295483,2.51156555434164,4.51085950651685,61.151676,"Syngnathidae","Cosmocampus,Nerophis,Syngnathus","38_2",-1.21238265150027,2.88676443208946,4.06385155377526,3.39987559326892,3.91202300542815,61.151676,1,0.598836501088704,0.029400085974183,-0.536250022821136,-0.754920480820424,-0.888310038927285,0.00375962404265479,0.0765780109993344,-0.0685745776540555,-0.0965377173548844,-0.113595306578876,0.00375962404265479,7.81995370830288,4.50025401603853,4.11283914485827,1,0.387414871180266,0.029400085974183,0.049541836899741,0.00375962404265479
"16",39,"Syngnathidae","Phycodurus,Phyllopteryx,Solegnathus","39_1",-0.472091407138084,3.69095630403082,4.1687257459935,2.93484933438664,1.94591014905531,61.131258,"Syngnathidae","Syngnathoides","39_2",-0.263269173774447,3.36729582998647,2.30258509299405,0.473777087322361,0,61.131258,1,1.94591014905531,-0.208822233363637,0.323660474044341,1.86614065299946,2.46107224706428,-0.0267082276735674,0.248880640993685,0.0413959638802345,0.238678174389683,0.314769537883588,0.0267082276735674,7.81864809286107,2.77819796100429,1.54115907168081,1,1.23703888932349,-0.208822233363637,0.158216468452261,-0.0267082276735674
"17",40,"Syngnathidae","Choeroichthys,Dunckerocampus","40_1",-1.022215295466,2.40221199987921,3.56182324359745,0.799493287047844,2.56494935746154,41.756207,"Syngnathidae","Doryrhamphus","40_2",-1.59034141674311,1.94591014905531,3.91202300542815,0.961702558279462,2.19722457733622,41.756207,1,0.367724780125317,0.56812612127711,0.456301850823899,-0.350199761830693,-0.162209271231618,0.0879193030632898,0.056906565596814,0.0706141457124773,-0.0541945139291822,-0.0251023945968714,0.0879193030632898,6.46190428588973,2.69124308278583,2.25023861262184,1,0.441004470163993,0.56812612127711,0.0682468279709704,0.0879193030632898
"18",41,"Callionymidae,Champsodontidae,Mullidae","Bathycallionymus,Callionymus,Champsodon,Dactylopus,Diplogrammus,Draculo,Foetorepus,Mulloidichthys,Mullus,Parupeneus,Pseudupeneus,Synchiropus,Tonlesapia,Upeneichthys,Upeneus","41_1",-1.01117025442463,2.80801609901648,4.8515503932935,1.67374973321407,5.59098698051086,92.675403,"Fistulariidae","Fistularia","41_2",-0.967936720029789,5.01231009196464,5.0905596445672,1.24330669168754,1.38629436111989,92.675403,1,4.20469261939097,-0.04323353439484,-2.20429399294817,-0.239009251273703,0.430443041526529,-0.00449095289132955,0.436769205676129,-0.228974582336077,-0.024827470228533,0.0447129629569904,0.00449095289132955,9.62680647982497,5.69933928495883,1.41827740697294,1,4.28106187798589,-0.04323353439484,0.444702185190672,-0.00449095289132955
"19",42,"Scombridae","Scomberomorus","42_1",-1.92247027203009,4.8270197000186,4.42088495342349,2.58535290135549,2.89037175789616,44.699483,"Scombridae","Grammatorcynus,Rastrelliger,Scomber","42_2",-1.63812678067797,3.94302830997674,4.92701274353203,1.24101672241296,2.19722457733622,44.699483,1,0.693147180559945,-0.284343491352118,0.883991390041869,-0.506127790108539,1.34433617894254,-0.0425296728129278,0.103675039861954,0.132219888027502,-0.0757022754854981,0.201074332910282,0.0425296728129278,6.68576719606658,2.89092715918786,2.2060741926132,1,0.684852966574663,-0.284343491352118,0.102434462117912,-0.0425296728129278
"20",44,"Ariommatidae,Nomeidae,Stromateidae","Ariomma,Cubiceps,Pampus,Peprilus,Psenes,Stromateus","44_1",-1.09217803295887,3.55258582269747,5.42914660269837,2.40124505851767,3.63758615972639,63.103576,"Tetragonuridae","Tetragonurus","44_2",-1.2386367154893,4.08025912373875,6.68461172766793,2.43027541912298,1.09861228866811,63.103576,1,2.53897387105828,0.14645868253043,-0.527673301041287,-1.25546512496955,-0.0290303606053106,0.0184369100854858,0.319618012133719,-0.0664260051894731,-0.158043874385649,-0.00365447878529248,0.0184369100854858,7.94377592836052,3.67020618884832,1.28923264827676,1,2.38097354057156,0.14645868253043,0.299728184939244,0.0184369100854858
"21",45,"Trichiuridae","Lepturacanthus,Trichiurus","45_1",-1.65451373332519,4.64937178001455,5.49179818481984,1.2077182177467,2.484906649788,38.200327,"Trichiuridae","Assurger,Evoxymetopon,Lepidopus","45_2",-2.05973303646006,5.19605314026074,5.87064856729556,0.365006054882125,2.30258509299405,38.200327,1,0.182321556793954,0.405219303134867,-0.54668136024619,-0.378850382475722,0.842712162864578,0.0655626629706707,0.0294988088866823,-0.088450588352746,-0.0612962900592586,0.136347042423067,0.0655626629706707,6.18064130976713,2.73371794785079,2.28949985344539,1,0.444218094405398,0.405219303134867,0.0718724922126462,0.0655626629706707
"22",46,"Gempylidae","Diplospinus,Gempylus,Nealotus,Nesiarchus,Paradiplospinus,Promethichthys,Rexea,Thyrsites","46_1",-1.96001718705799,4.28339184431061,6.91795149918745,0.698306491379226,2.70805020110221,57.782287,"Gempylidae","Ruvettus","46_2",-2.50780277702494,5.7037824746562,6.68461172766793,0.778045687481926,0,57.782287,1,2.70805020110221,0.547785589966942,-1.42039063034559,0.233339771519518,-0.0797391961026997,0.0720631496795231,0.356253670333804,-0.186857457502968,0.0306966798491569,-0.0104899758761826,0.0720631496795231,7.60146610858721,3.45315712059287,1.38879124131848,1,2.06436587927439,0.547785589966942,0.271574700167685,0.0720631496795231
"23",48,"Gempylidae","Lepidocybium","48_1",-0.597053671274647,5.29831736654804,7.00306545878646,0.660524645504115,0,49.883212,"Pomatomidae","Pomatomus","48_2",-0.542543354818126,4.86753445045558,5.29831736654804,2.19278907919014,0,49.883212,-1,0,0.0545103164565207,-0.430782916092454,-1.70474809223843,1.53226443368603,0.00771794178162906,0,-0.0609931785953563,-0.241369843059597,0.21694843218682,0.00771794178162906,7.06280482528011,1.39128190263093,0.672944473242426,1,0.718337429388504,-0.0545103164565207,0.101707104636013,-0.00771794178162906
"24",50,"Liparidae,Cyclopteridae","Acantholiparis,Aptocyclus,Careproctus,Crystallichthys,Cyclopterus,Edentoliparis,Elassodiscus,Eumicrotremus,Liparis,Lipariscus,Nectoliparis,Paraliparis,Psednos,Rhinoliparis,Rhodichthys","50_1",-0.164831601663704,2.64117462930902,7.05558839095298,4.00085542092333,5.94017125272043,45.748145,"Trichodontidae","Arctoscopus,Trichodon","50_2",-0.367003096157404,3.40946203263776,6.11842215209846,3.93640645778947,0.693147180559945,45.748145,1,5.24702407216049,0.202171494493701,-0.768287403328736,0.937166238854516,0.0644489631338558,0.0298904998050258,0.775758087947286,-0.11358918099167,0.138557452671106,0.00952860206534534,0.0298904998050258,6.76373750229856,6.05832848736149,0.908258560176891,1,5.1500699271846,0.202171494493701,0.761423684085081,0.0298904998050258
"25",55,"Hypoptychidae","Aulichthys,Hypoptychus","55_1",-1.51434593825307,2.42601513195981,NA,3.7853087726824,0.693147180559945,37.396016,"Aulorhynchidae","Aulorhynchus","55_2",-1.29114783106909,2.89037175789616,3.40119738166216,3.83068516485709,0,37.396016,1,0.693147180559945,-0.22319810718398,-0.464356625936356,NA,-0.0453763921746919,-0.0364987372015293,0.113347721019806,-0.075934472167676,NA,-0.00742022875566968,0.0364987372015293,6.11522820506316,0.693147180559945,0,1,0.693147180559945,-0.22319810718398,0.113347721019806,-0.0364987372015293
"26",58,"Serranidae","Diplectrum,Hypoplectrus,Schultzea,Serranus","58_1",-1.68363627328814,2.77334777743891,4.30145193399145,2.81772168471364,4.06044301054642,43.696787,"Serranidae","Diplectrum,Hypoplectrus,Schultzea,Serranus","58_2",-1.45054065829238,2.77334777743891,4.30145193399145,2.81772168471364,4.06044301054642,43.696787,-1,0,0.233095614995765,0,0,0,0.0352621956917262,0,0,0,0,0.0352621956917262,6.61035452907028,3.79391491694782,2.14476100780048,1,1.64915390914734,-0.233095614995765,0.249480402585803,-0.0352621956917262
"27",68,"Sinipercidae","Siniperca","68_1",-1.87588048189346,3.42869622352148,NA,NA,2.19722457733622,61.823053,"Percichthyidae","Coreoperca","68_2",-1.71815962615005,2.73990262129671,NA,NA,1.38629436111989,61.823053,1,0.810930216216329,-0.157720855743414,0.688793602224776,NA,NA,-0.0200592134984309,0.103135519159719,0.0876019715861647,NA,NA,0.0200592134984309,7.86276369987042,2.28645571106416,1.41098697371026,1,0.8754687373539,-0.157720855743414,0.111343640833099,-0.0200592134984309
"28",69,"Centrarchidae,Cirrhitidae,Terapontidae,Aplodactylidae,Kyphosidae,Percichthyidae,Cheilodactylidae,Chironemidae,Dichistiidae,Elassomatidae,Enoplosidae,Girellidae,Kuhliidae,Latridae,Oplegnathidae,Sinipercidae","Acantharchus,Ambloplites,Amblycirrhitus,Amniataba,Aplodactylus,Archoplites,Atypichthys,Bidyanus,Bostockia,Centrarchus,Cheilodactylus,Chirodactylus,Chironemus,Cirrhitichthys,Cirrhitus,Coreoperca,Dichistius,Elassoma,Enneacanthus,Enoplosus,Gadopsis,Girella,Graus,Hannia,Helotes,Hephaestus,Itycirrhitus,Kuhlia,Kyphosus,Labracoglossa,Latridopsis,Latris,Leiopotherapon,Lepomis,Maccullochella,Macquaria,Medialuna,Mesopristes,Microcanthus,Micropterus,Nannatherina,Nannoperca,Nemadactylus,Neocirrhites,Notocirrhitus,Oplegnathus,Paracirrhites,Pelates,Pelsartia,Percichthys,Percilia,Pingalla,Pomoxis,Rhynchopelates,Scorpis,Scortum,Siniperca,Syncomistes,Terapon,Tilodon,Variichthys","69_1",-1.4698933849962,3.31819815733328,3.64679481552075,2.37841730187574,5.605802066296,86.130332,"Centrarchidae,Cirrhitidae,Terapontidae,Aplodactylidae,Kyphosidae,Percichthyidae,Cheilodactylidae,Chironemidae,Dichistiidae,Elassomatidae,Enoplosidae,Girellidae,Kuhliidae,Latridae,Oplegnathidae,Sinipercidae","Acantharchus,Ambloplites,Amblycirrhitus,Amniataba,Aplodactylus,Archoplites,Atypichthys,Bidyanus,Bostockia,Centrarchus,Cheilodactylus,Chirodactylus,Chironemus,Cirrhitichthys,Cirrhitus,Coreoperca,Dichistius,Elassoma,Enneacanthus,Enoplosus,Gadopsis,Girella,Graus,Hannia,Helotes,Hephaestus,Itycirrhitus,Kuhlia,Kyphosus,Labracoglossa,Latridopsis,Latris,Leiopotherapon,Lepomis,Maccullochella,Macquaria,Medialuna,Mesopristes,Microcanthus,Micropterus,Nannatherina,Nannoperca,Nemadactylus,Neocirrhites,Notocirrhitus,Oplegnathus,Paracirrhites,Pelates,Pelsartia,Percichthys,Percilia,Pingalla,Pomoxis,Rhynchopelates,Scorpis,Scortum,Siniperca,Syncomistes,Terapon,Tilodon,Variichthys","69_2",-1.47741453128754,3.31819815733328,3.64679481552075,2.37841730187574,5.605802066296,86.130332,-1,0,-0.00752114629133649,0,0,0,-0.000810412209607031,0,0,0,0,0.000810412209607031,9.280642865664,2.53923699433305,1.65249740189455,1,0.8867395924385,0.00752114629133649,0.0955472164238978,0.000810412209607031
"29",71,"Ammodytidae,Uranoscopidae,Centrogenyidae,Cheimarrichthyidae,Pinguipedidae","Ammodytes,Astroscopus,Centrogenys,Cheimarrichthys,Hyperoplus,Kathetostoma,Parapercis,Pinguipes,Uranoscopus,Xenocephalus","71_1",-0.980170803170743,3.39665159695948,4.62407461257407,2.50451203483462,4.85981240436167,91.001908,"Gerreidae","Diapterus,Eucinostomus,Eugerres,Gerres,Ulaema","71_2",-0.833267086996595,3.31869508438359,3.53434409434758,2.17362072537566,3.95124371858143,91.001908,1,0.908568685780244,-0.146903716174149,0.0779565125758857,1.08973051822649,0.330891309458963,-0.0153995323719408,0.0952428791673192,0.00817197733509221,0.114233600273441,0.0346864705966089,0.0153995323719408,9.53949202001868,5.12764766249453,4.00733318523247,1,1.12031447726206,-0.146903716174149,0.117439636713472,-0.0153995323719408
"30",72,"Moronidae","Morone","72_1",-1.28156684576449,4.24851606583847,NA,3.72010392806746,1.38629436111989,35.871339,"Moronidae","Dicentrarchus","72_2",-1.34681983402625,4.4416121151395,4.60517018598809,3.64845005493051,0.693147180559945,35.871339,1,0.693147180559945,0.065252988261757,-0.19309604930103,NA,0.0716538731369405,0.0108949843529024,0.115731522611125,-0.0322403385926611,NA,0.0119637099763191,0.0108949843529024,5.98926865318296,1.38629436111989,0.693147180559945,1,0.693147180559945,0.065252988261757,0.115731522611125,0.0108949843529024
"31",76,"Sparidae","Acanthopagrus,Archosargus,Boops,Calamus,Diplodus,Gymnocrotaphus,Lagodon,Lithognathus,Oblada,Pachymetopon,Pagellus,Pagrus,Polyamblyodon,Rhabdosargus,Sarpa,Sparidentex,Sparodon,Spicara,Spondyliosoma,Stenotomus","76_1",0.220935515396097,3.93454026762973,4.52495956884856,3.15283366801155,4.58496747867057,49.868138,"Sparidae","Argyrops,Argyrozona,Cheimerius,Chrysoblephus,Chrysophrys,Cymatoceps,Dentex,Evynnis,Pagellus,Pagrus,Parargyrops,Petrus,Polysteganus,Porcostoma,Pterogymnus,Rhabdosargus,Sparus,Spicara,Virididentex","76_2",0.655729281360582,4.11041441293915,5.07727021540365,3.00064182376225,4.17438726989564,49.868138,1,0.410580208774936,-0.434793765964485,-0.175874145309416,-0.552310646555082,0.1521918442493,-0.0615703655803906,0.058141527163503,-0.02490522236173,-0.0782117203242421,0.0215516141727494,0.0615703655803906,7.06173760486752,4.42735844467196,4.06543055205746,1,0.361927892614506,-0.434793765964485,0.0512519599092774,-0.0615703655803906
"32",77,"Sparidae","Cheimerius,Dentex,Pagellus,Pagrus,Spicara,Virididentex","77_1",-1.96941831338156,4.08385969339536,5.35341236976105,2.64544817199327,3.46573590279973,39.603221,"Sparidae","Argyrops,Cheimerius,Chrysophrys,Evynnis,Parargyrops,Rhabdosargus,Sparus","77_2",-1.46067313916899,3.79079404142303,4.8382896661745,3.04045420226023,2.94443897916644,39.603221,1,0.521296923633286,-0.508745174212571,0.29306565197233,0.515122703586549,-0.395006030266964,-0.0808416274816758,0.0828361502847341,0.0465692953276492,0.0818550422127395,-0.062768026058002,0.0808416274816758,6.29310900906698,2.90962957450058,2.6775909936175,1,0.232038580883078,-0.508745174212571,0.0368718515043616,-0.0808416274816758
"33",81,"Caproidae,Siganidae","Capros,Siganus","81_1",-2.28097038302164,3.46161476349772,4.96783728313695,2.11628127512816,3.36729582998647,68.543859,"Caproidae","Antigonia","81_2",-1.95927911679427,2.94460902860593,6.59802660569551,0.300656895104304,2.83321334405622,68.543859,1,0.534082485930258,-0.32169126622737,0.517005734891796,-1.63018932255856,1.81562438002385,-0.0388557230022528,0.0645095571820502,0.0624469288865716,-0.196903650824624,0.219301564551899,0.0388557230022528,8.2791218737255,3.51035069555868,2.85761897142436,1,0.652731724134321,-0.32169126622737,0.0788406951956851,-0.0388557230022528
"34",83,"Tetraodontidae","Arothron,Auriglobus,Canthigaster,Carinotetraodon,Chelonodon,Chonerhinos,Monotrete,Omegophora,Pelagocephalus,Tetraodon","83_1",-0.279619991868458,2.87089166061235,3.4723031764092,2.23214506482742,4.53259949315326,39.224244,"Tetraodontidae","Arothron,Auriglobus,Canthigaster,Carinotetraodon,Chelonodon,Chonerhinos,Monotrete,Omegophora,Pelagocephalus,Tetraodon","83_2",-0.359122221796107,2.87089166061235,3.4723031764092,2.23214506482742,4.53259949315326,39.224244,-1,0,-0.0795022299276489,0,0,0,-0.0126941030411911,0,0,0,0,0.0126941030411911,6.26292615316515,3.95335686892112,3.82493889852103,1,0.128417970400091,0.0795022299276489,0.0205044682404871,0.0126941030411911
"35",88,"Monacanthidae","Acanthaluteres,Acreichthys,Aluterus,Amanses,Brachaluteres,Cantherhines,Chaetodermis,Eubalichthys,Meuschenia,Monacanthus,Nelusetta,Oxymonacanthus,Paraluteres,Paramonacanthus,Pervagor,Pseudalutarius,Pseudomonacanthus,Rudarius,Scobinichthys,Stephanolepis,Thamnaconus","88_1",-1.22143437403706,3.13667103121554,4.06384510939388,1.60321296112212,4.62497281328427,39.500048,"Monacanthidae","Monacanthus","88_2",-1.44564104984077,2.64915868327402,3.91202300542815,2.78311606068163,1.09861228866811,39.500048,1,3.52636052461616,0.224206675803713,0.487512347941524,0.151822103965733,-1.17990309955951,0.0356738291440627,0.561084019485921,0.0775687527757314,0.0241566214643284,-0.187735987027817,0.0356738291440627,6.28490636366207,4.64400620977329,1.39624469197306,1,3.24776151780023,0.224206675803713,0.516755752572236,0.0356738291440627
"36",98,"Labridae","Anampses","98_1",-1.90120498381104,3.08873801853555,3.61674328719303,1.39565487325867,2.484906649788,36.21828,"Labridae","Sagittalarva,Stethojulis","98_2",-1.21320529288954,2.67270124858094,2.90190866940316,1.19515877101206,2.39789527279837,36.21828,1,0.0870113769896297,-0.687999690921498,0.416036769954609,0.714834617789871,0.20049610224661,-0.114320557104865,0.0144581301753098,0.0691301986685725,0.118779547174108,0.0333151691906818,0.114320557104865,6.0181625102684,2.63260800593535,2.45873377548398,1,0.173874230451375,-0.687999690921498,0.0288915811353888,-0.114320557104865
"37",99,"Labridae","Diproctacanthus,Labrichthys,Labroides,Labropsis,Larabicus","99_1",-1.81978864194956,2.46033576474779,3.26462873954936,1.81585634752773,2.63905732961526,36.375088,"Labridae","Hemigymnus,Ophthalmolepis","99_2",-2.20150974556913,3.59746855063356,3.31003660326518,2.13372280415758,1.09861228866811,36.375088,1,1.54044504094715,0.381721103619572,-1.13713278588577,-0.0454078637158171,-0.317866456629846,0.0632913186967707,0.255413696274473,-0.188542453821914,-0.007528856923356,-0.0527038904027241,0.0632913186967707,6.03117633633771,2.79850010402428,1.67896397508271,1,1.11953612894157,0.381721103619572,0.185624837761149,0.0632913186967707
"38",104,"Labridae","Bodianus,Choerodon,Clepticus,Decodon,Haletta,Heteroscarus,Neoodax,Odax,Olisthops,Semicossyphus,Siphonognathus,Xiphocheilus","104_1",-0.255496303000041,3.42673914055524,3.62154773223678,2.8807599386141,4.49980967033027,64.093022,"Labridae","Achoerodus,Pseudodax","104_2",-0.0499089898214982,3.76416588335362,3.89161200816802,2.30237364552314,1.09861228866811,64.093022,1,3.40119738166216,-0.205587313178542,-0.337426742798383,-0.270064275931242,0.578386293090959,-0.025679758560397,0.4248410382283,-0.0421477237720331,-0.0337335280785535,0.0722458021926669,0.025679758560397,8.00581176396248,4.46923590874726,1.64865862558738,1,2.82057728315988,-0.205587313178542,0.352316213061176,-0.025679758560397
"39",105,"Stephanoberycidae,Barbourisiidae,Berycidae,Cetomimidae,Melamphaidae,Rondeletiidae","Acanthochaenus,Barbourisia,Beryx,Centroberyx,Cetomimus,Cetostoma,Ditropichthys,Gyrinomimus,Melamphaes,Parataeniophorus,Poromitra,Rondeletia,Scopeloberyx,Scopelogadus,Sio","105_1",-0.728473885214911,2.70729565832384,7.60385310891733,1.72821460681926,4.52178857704904,112.871622,"Anoplogastridae,Trachichthyidae,Diretmidae,Monocentridae","Anoplogaster,Aulotrachichthys,Diretmichthys,Diretmus,Gephyroberyx,Hoplostethus,Monocentris,Paratrachichthys","105_2",-1.16898861668989,3.17302004749266,6.9188817424241,1.62050036446288,3.95124371858143,112.871622,1,0.570544858467613,0.440514731474983,-0.465724389168822,0.68497136649323,0.10771424235638,0.0414636999825956,0.053702859740701,-0.0438365733704647,0.0644733199769433,0.0101386644073473,0.0414636999825956,10.6241057035404,4.75427960857593,4.17315574264639,1,0.581123865929542,0.440514731474983,0.054698614843025,0.0414636999825956
"40",106,"Trachipteridae,Lophotidae,Regalecidae","Desmodema,Lophotus,Regalecus,Trachipterus,Zu","106_1",-0.289128451286857,5.39303346115176,5.75399279259366,1.19912656933979,2.70805020110221,86.820867,"Lamprididae,Veliferidae","Lampris,Metavelifer,Velifer","106_2",-0.768819452515947,4.00682761015312,5.46016592793808,1.99030647211447,1.38629436111989,86.820867,1,1.32175583998232,0.47969100122909,1.38620585099863,0.293826864655582,-0.79117990277468,0.0514813008357427,0.141853213537838,0.148770104614586,0.0315340274764357,-0.0849108498712168,0.0514813008357427,9.3177715683526,2.83907846350861,1.58923520511658,1,1.24984325839203,0.47969100122909,0.134135425967843,0.0514813008357427
"41",111,"Phycidae","Phycis,Urophycis","111_1",-1.96395803680783,4.15067593229869,6.76132365357634,3.59348348617298,2.39789527279837,37.133326,"Phycidae","Phycis,Urophycis","111_2",-2.76673389523801,4.15067593229869,6.76132365357634,3.59348348617298,2.39789527279837,37.133326,-1,0,-0.802775858430184,0,0,0,-0.131738398166866,0,0,0,0,0.131738398166866,6.09371200500975,2.07944154167984,0.693147180559945,1,1.38629436111989,0.802775858430184,0.227495877714633,0.131738398166866
"42",112,"Myctophidae","Benthosema,Bolinichthys,Centrobranchus,Diaphus,Diogenichthys,Electrona,Gonichthys,Gymnoscopelus,Hygophum,Krefftichthys,Lampanyctodes,Lampichthys,Loweina,Metelectrona,Myctophum,Notoscopelus,Protomyctophum,Scopelopsis,Symbolophorus,Tarletonbeania,Triphoturus","112_1",-1.62628401456119,1.99602932879343,7.02802994603692,2.5253960866562,5.2040066870768,85.449561,"Myctophidae","Bolinichthys,Ceratoscopelus,Lampadena,Lampanyctus,Lepidophanes,Lobianchia,Nannobrachium,Parvilux,Stenobrachius,Taaningichthys,Triphoturus","112_2",-1.94882740009734,2.32697503523329,7.09737355510335,2.16240709891588,4.29045944114839,85.449561,1,0.913547245928404,0.322543385536156,-0.330945706439863,-0.0693436090664266,0.362988987740317,0.0348925911937865,0.0988271098333099,-0.0358015503029144,-0.00750155889581974,0.0392679773482736,0.0348925911937865,9.24389317333341,5.18122159467179,4.24992279404054,1,0.931298800631246,0.322543385536156,0.100747464641612,0.0348925911937865
"43",116,"Esocidae","Esox","116_1",0.188582747897086,4.8208496090794,2.59647842544511,NA,1.94591014905531,76.4,"Umbridae","Novumbra","116_2",0.142147789628943,2.07944154167984,NA,NA,0,76.4,1,1.94591014905531,0.0464349582681432,2.74140806739957,NA,NA,0.00531249311593543,0.222626113097584,0.313636794975253,NA,NA,0.00531249311593543,8.74070935336486,1.94591014905531,0,1,1.94591014905531,0.0464349582681432,0.222626113097584,0.00531249311593543
"44",121,"Cyprinidae","Tanichthys","121_1",-0.550056870308081,1.1117709428268,NA,NA,1.09861228866811,49.378401,"Cyprinidae","Tinca","121_2",-0.768726696441706,4.24849524204936,NA,NA,0,49.378401,1,1.09861228866811,0.218669826133624,-3.13672429922256,NA,NA,0.0311186213744659,0.156342100109904,-0.446383195841324,NA,NA,0.0311186213744659,7.02697666140994,1.7263316639056,0.858661619037519,1,0.867670044868081,0.218669826133624,0.123477006780607,0.0311186213744659
"45",122,"Cyprinidae","Abbottina,Abramis,Acanthalburnus,Acanthobrama,Acanthogobio,Acanthorhodeus,Acheilognathus,Achondrostoma,Acrocheilus,Agosia,Alburnoides,Alburnus,Algansea,Anaecypris,Ancherythroculter,Aphyocypris,Aspius,Aztecula,Ballerus,Belligobio,Biwia,Blicca,Campostoma,Candidia,Chanodichthys,Chondrostoma,Chrosomus,Clinostomus,Codoma,Coreius,Coreoleuciscus,Couesius,Ctenopharyngodon,Culter,Cyprinella,Delminichthys,Dionda,Distoechodon,Elopichthys,Erimystax,Exoglossum,Gila,Gnathopogon,Gobio,Gobiobotia,Gobiocypris,Hainania,Hemibarbus,Hemiculter,Hemiculterella,Hemigrammocypris,Hemitremia,Hesperoleucus,Hybognathus,Hybopsis,Hypophthalmichthys,Iberochondrostoma,Iberocypris,Iotichthys,Ischikauia,Lavinia,Lepidomeda,Leptobarbus,Leucaspius,Leuciscus,Luciobrama,Luxilus,Lythrurus,Macrhybopsis,Macrochirichthys,Margariscus,Meda,Megalobrama,Mesogobio,Metzia,Microphysogobio,Moapa,Mylocheilus,Mylopharodon,Mylopharyngodon,Nicholsicypris,Nipponocypris,Nocomis,Notemigonus,Notropis,Ochetobius,Opsariichthys,Opsopoeodus,Oregonichthys,Orthodon,Oxygaster,Pachychilon,Parabramis,Paracanthobrama,Parachela,Parachondrostoma,Paralaubuca,Pararasbora,Pararhinichthys,Parazacco,Pelasgus,Pelecus,Petroleuciscus,Phenacobius,Phoxinellus,Phoxinus,Pimephales,Plagiognathops,Plagopterus,Platygobio,Platysmacheilus,Pogonichthys,Protochondrostoma,Pseudaspius,Pseudobrama,Pseudochondrostoma,Pseudogobio,Pseudohemiculter,Pseudolaubuca,Pseudophoxinus,Pseudopungtungia,Pseudorasbora,Pteronotropis,Ptychocheilus,Pungtungia,Relictus,Rhinichthys,Rhinogobio,Rhodeus,Rhynchocypris,Richardsonius,Romanogobio,Rostrogobio,Rutilus,Sarcocheilichthys,Saurogobio,Scardinius,Semotilus,Sinibrama,Siphateles,Snyderichthys,Squalidus,Squaliobarbus,Squalius,Tampichthys,Tanakia,Tanichthys,Telestes,Tinca,Toxabramis,Tribolodon,Tropidophoxinellus,Vimba,Xenocyprioides,Xenocypris,Xenophysogobio,Yaoshanicus,Yuriria,Zacco","122_1",-1.12761070795352,2.93746707476795,2.12162037506704,3.85283902533182,6.93537044601511,76.521458,"Cyprinidae","Abbottina,Abramis,Acanthalburnus,Acanthobrama,Acanthogobio,Acanthorhodeus,Acheilognathus,Achondrostoma,Acrocheilus,Agosia,Alburnoides,Alburnus,Algansea,Anaecypris,Ancherythroculter,Aphyocypris,Aspius,Aztecula,Ballerus,Belligobio,Biwia,Blicca,Campostoma,Candidia,Chanodichthys,Chondrostoma,Chrosomus,Clinostomus,Codoma,Coreius,Coreoleuciscus,Couesius,Ctenopharyngodon,Culter,Cyprinella,Delminichthys,Dionda,Distoechodon,Elopichthys,Erimystax,Exoglossum,Gila,Gnathopogon,Gobio,Gobiobotia,Gobiocypris,Hainania,Hemibarbus,Hemiculter,Hemiculterella,Hemigrammocypris,Hemitremia,Hesperoleucus,Hybognathus,Hybopsis,Hypophthalmichthys,Iberochondrostoma,Iberocypris,Iotichthys,Ischikauia,Lavinia,Lepidomeda,Leptobarbus,Leucaspius,Leuciscus,Luciobrama,Luxilus,Lythrurus,Macrhybopsis,Macrochirichthys,Margariscus,Meda,Megalobrama,Mesogobio,Metzia,Microphysogobio,Moapa,Mylocheilus,Mylopharodon,Mylopharyngodon,Nicholsicypris,Nipponocypris,Nocomis,Notemigonus,Notropis,Ochetobius,Opsariichthys,Opsopoeodus,Oregonichthys,Orthodon,Oxygaster,Pachychilon,Parabramis,Paracanthobrama,Parachela,Parachondrostoma,Paralaubuca,Pararasbora,Pararhinichthys,Parazacco,Pelasgus,Pelecus,Petroleuciscus,Phenacobius,Phoxinellus,Phoxinus,Pimephales,Plagiognathops,Plagopterus,Platygobio,Platysmacheilus,Pogonichthys,Protochondrostoma,Pseudaspius,Pseudobrama,Pseudochondrostoma,Pseudogobio,Pseudohemiculter,Pseudolaubuca,Pseudophoxinus,Pseudopungtungia,Pseudorasbora,Pteronotropis,Ptychocheilus,Pungtungia,Relictus,Rhinichthys,Rhinogobio,Rhodeus,Rhynchocypris,Richardsonius,Romanogobio,Rostrogobio,Rutilus,Sarcocheilichthys,Saurogobio,Scardinius,Semotilus,Sinibrama,Siphateles,Snyderichthys,Squalidus,Squaliobarbus,Squalius,Tampichthys,Tanakia,Tanichthys,Telestes,Tinca,Toxabramis,Tribolodon,Tropidophoxinellus,Vimba,Xenocyprioides,Xenocypris,Xenophysogobio,Yaoshanicus,Yuriria,Zacco","122_2",-1.0808558710789,2.93746707476795,2.12162037506704,3.85283902533182,6.93537044601511,76.521458,-1,0,0.0467548368746198,0,0,0,0.00534484269548086,0,0,0,0,0.00534484269548086,8.74765442847396,3.32970137995709,2.22893855282575,1,1.10076282713134,-0.0467548368746198,0.125835198010145,-0.00534484269548086
"46",128,"Cyprinidae","Akrokolioplax,Bangana,Barbichthys,Cirrhinus,Crossocheilus,Discocheilus,Discogobio,Discolabeo,Epalzeorhynchos,Garra,Henicorhynchus,Hongshuia,Horalabiosa,Iranocypris,Labiobarbus,Linichthys,Lobocheilos,Mekongina,Osteochilus,Paracrossochilus,Parapsilorhynchus,Parasinilabeo,Phreatichthys,Placocheilus,Pseudocrossocheilus,Pseudogyrinocheilus,Ptychidio,Qianlabeo,Rectoris,Semilabeo,Sinocrossocheilus,Thynnichthys","128_1",-2.19136577369324,2.757024158107,4.58787446360328,NA,5.72358510195238,39.058332,"Cyprinidae","Bangana,Catla,Cirrhinus,Incisilabeo,Labeo,Schismatorhynchos,Thynnichthys","128_2",-2.07501136940052,3.7994055535391,2.30258509299405,NA,4.99043258677874,39.058332,1,0.733152515173645,-0.116354404292719,-1.04238139543209,2.28528937060924,NA,-0.0186176979749659,0.117310661165438,-0.166789921815557,0.365665808235032,NA,0.0186176979749659,6.24966655110495,5.54345721573414,4.5560849782976,1,0.987372237436543,-0.116354404292719,0.157987986936995,-0.0186176979749659
"47",129,"Cyprinidae","Betadevario,Devario,Microrasbora","129_1",-0.523038228298341,1.67619978260773,0,NA,3.73766961828337,48.342171,"Cyprinidae","Chela,Laubuca","129_2",-0.494904703562743,2.26176309847379,NA,NA,2.39789527279837,48.342171,1,1.339774345485,-0.0281335247355978,-0.585563315866062,NA,NA,-0.00404632788051569,0.19269417318606,-0.0842191368861095,NA,NA,0.00404632788051569,6.95285344301173,3.84202963360761,2.73111547403321,1,1.1109141595744,-0.0281335247355978,0.159778164271674,-0.00404632788051569
"48",131,"Cyprinidae","Nematabramis","131_1",-2.37763196731696,2.35137525716348,NA,NA,1.79175946922805,40.904048,"Cyprinidae","Malayochela","131_2",-2.19329132273365,1.38629436111989,NA,NA,0,40.904048,1,1.79175946922805,-0.184340644583309,0.965080896043587,NA,NA,-0.0288229187223453,0.280153829711783,0.150896989049972,NA,NA,0.0288229187223453,6.39562725618059,1.94876321803772,1.07158361628019,1,0.877179601757529,-0.184340644583309,0.137153021372508,-0.0288229187223453
"49",137,"Ictaluridae","Noturus,Pylodictis","137_1",-1.82323775249518,3.72134389038669,0,NA,3.40119738166216,39.450743,"Ictaluridae","Ictalurus","137_2",-1.9537467753567,4.47574991880735,NA,NA,2.30258509299405,39.450743,1,1.09861228866811,0.130509022861519,-0.754406028420656,NA,NA,0.0207784402880913,0.17491089381671,-0.120109554656214,NA,NA,0.0207784402880913,6.28098264605149,3.45030495576918,2.30258509299405,1,1.14771986277514,0.130509022861519,0.182729347850793,0.0207784402880913
"50",138,"Akysidae,Schilbeidae,Amblycipitidae,Erethistidae,Sisoridae","Acrochordonichthys,Ailia,Akysis,Amblyceps,Ayarnangra,Bagarius,Breitensteinia,Caelatoglanis,Clupisoma,Conta,Creteuchiloglanis,Erethistes,Erethistoides,Euchiloglanis,Eutropiichthys,Exostoma,Gagata,Glaridoglanis,Glyptosternon,Glyptothorax,Gogangra,Hara,Laides,Liobagrus,Myersglanis,Nangra,Oreoglanis,Parakysis,Pareuchiloglanis,Pseudecheneis,Pseudeutropius,Pseudexostoma,Pseudolaguvia,Silonia,Sisor,Xiurenbagrus","138_1",-1.97030018242739,2.58511394122254,NA,NA,5.8406416573734,66.086639,"Bagridae,Horabagridae,Schilbeidae","Bagrichthys,Bagrus,Batasio,Chandramara,Coreobagrus,Hemibagrus,Horabagrus,Hyalobagrus,Leiocassis,Mystus,Nanobagrus,Olyra,Pelteobagrus,Pseudeutropius,Pseudobagrus,Pseudomystus,Sperata,Tachysurus","138_2",-2.06802693686458,2.8852395766334,4.23818559844799,NA,5.41164605185504,66.086639,1,0.428995605518359,0.0977267544371883,-0.300125635410864,NA,NA,0.0120214441522586,0.0527710834459151,-0.0369186880862984,NA,NA,0.0120214441522586,8.12936891769589,5.94759102641399,5.37851390854231,1,0.569077117871681,0.0977267544371883,0.0700026193463705,0.0120214441522586
"51",139,"Siluridae","Belodontichthys,Ceratoglanis,Hemisilurus,Kryptopterus,Ompok,Phalacronotus,Pterocryptis,Wallago","139_1",-1.78796667098936,3.88363776779849,1.03972077083992,NA,4.35670882668959,44.038542,"Siluridae","Silurus","139_2",-0.435725881673938,4.63487558167771,3.40119738166216,NA,2.63905732961526,44.038542,1,1.71765149707433,-1.35224078931542,-0.751237813879226,-2.36147661082224,NA,-0.203768742746801,0.258832368318951,-0.113203791845032,-0.355850173885697,NA,0.203768742746801,6.63615415734143,4.51579237483687,2.6775909936175,1,1.83820138121937,-1.35224078931542,0.276997992758473,-0.203768742746801
"52",140,"Clariidae","Bathyclarias,Channallabes,Clariallabes,Clarias,Dinotopterus,Dolichallabes,Gymnallabes,Heterobranchus,Platyallabes,Tanganikallabes","140_1",-2.36562074400687,3.91253200845197,4.58312358515324,NA,4.62497281328427,35.980964,"Heteropneustidae","Heteropneustes","140_2",-2.09500197979789,3.07101870279368,0,NA,1.38629436111989,35.980964,1,3.23867845216438,-0.270618764208979,0.841513305658293,4.58312358515324,NA,-0.0451150568651417,0.539922510415695,0.140289313449934,0.764055965478021,NA,0.0451150568651417,5.99841345690675,4.73873907790951,1.53901544813755,1,3.19972362977195,-0.270618764208979,0.533428322798872,-0.0451150568651417
"53",147,"Characidae","Acestrocephalus,Charax,Cynopotamus,Galeocharax,Microschemobrycon,Phenacogaster,Roeboides","147_1",-2.14431718630381,2.43545850246913,NA,NA,4.47733681447821,44.680939,"Characidae","Tetragonopterus","147_2",-1.97060866166309,2.11549591709354,NA,NA,2.07944154167984,44.680939,1,2.39789527279837,-0.173708524640721,0.319962585375596,NA,NA,-0.0259872297473759,0.358731130169014,0.0478672030282779,NA,NA,0.0259872297473759,6.68438022557065,4.64188776892325,2.17361471169709,1,2.46827305722617,-0.173708524640721,0.369259822740776,-0.0259872297473759
"54",149,"Characidae","Aphyodite,Astyanacinus,Astyanax,Brachychalcinus,Bramocharax,Brittanichthys,Bryconella,Carlana,Ctenobrycon,Ectrepopterus,Gymnocorymbus,Hasemania,Hemigrammus,Hyphessobrycon,Inpaichthys,Jupiaba,Moenkhausia,Nematobrycon,Nematocharax,Oligosarcus,Orthospinus,Paracheirodon,Poptella,Pristella,Psellogrammus,Pseudochalceus,Stethaprion","149_1",-1.55522438607746,1.79725063707091,NA,NA,6.21860011969173,39.622155,"Characidae","Aphyodite,Astyanacinus,Astyanax,Brachychalcinus,Bramocharax,Brittanichthys,Bryconella,Carlana,Ctenobrycon,Ectrepopterus,Gymnocorymbus,Hasemania,Hemigrammus,Hyphessobrycon,Inpaichthys,Jupiaba,Moenkhausia,Nematobrycon,Nematocharax,Oligosarcus,Orthospinus,Paracheirodon,Poptella,Pristella,Psellogrammus,Pseudochalceus,Stethaprion","149_2",-1.47434336716949,1.79725063707091,NA,NA,6.21860011969173,39.622155,-1,0,0.0808810189079676,0,NA,NA,0.0128492437394811,0,0,NA,NA,0.0128492437394811,6.29461317318229,5.13373749123024,4.93813628328002,1,0.195601207950223,-0.0808810189079676,0.0310743809935084,-0.0128492437394811
"55",154,"Alestidae","Alestes,Brycinus,Bryconaethiops,Hemigrammopetersius,Hydrocynus,Ladigesia,Micralestes,Rhabdalestes","154_1",-2.20007363204097,2.62909094796374,NA,NA,4.39444915467244,38.79668,"Alestidae","Alestes,Brycinus,Bryconaethiops,Hemigrammopetersius,Hydrocynus,Ladigesia,Micralestes,Rhabdalestes","154_2",-1.85228047141319,2.62909094796374,NA,NA,4.39444915467244,38.79668,-1,0,0.347793160627779,0,NA,NA,0.0558372159218399,0,0,NA,NA,0.0558372159218399,6.22869809831878,3.72906124374677,2.63691217326887,1,1.0921490704779,-0.347793160627779,0.175341468351578,-0.0558372159218399
"56",155,"Clupeidae","Sardinella","155_1",-1.33780138396329,2.9779660235279,4.32986876487782,1.59155714004828,3.04452243772342,40.918135,"Clupeidae","Harengula,Herklotsichthys","155_2",-1.11346504680464,2.83320625428454,3.47263202442776,2.01361937634709,2.77258872223978,40.918135,1,0.271933715483642,-0.224336337158652,0.14475976924336,0.857236740450053,-0.422062236298814,-0.0350704799393516,0.0425113739240464,0.0226302820469253,0.134011744552856,-0.065980952433967,0.0350704799393516,6.39672846070552,3.04737550670583,2.79177841663292,1,0.255597090072907,-0.224336337158652,0.0399574707044414,-0.0350704799393516
"57",156,"Clupeidae,Dussumieriidae","Alosa,Amblygaster,Anodontostoma,Brevoortia,Clupanodon,Dorosoma,Dussumieria,Ethmalosa,Gilchristella,Harengula,Herklotsichthys,Hilsa,Konosirus,Limnothrissa,Microthrissa,Nematalosa,Odaxothrissa,Opisthonema,Pellonula,Platanichthys,Potamothrissa,Rhinosardinia,Sardina,Sardinella,Sardinops,Sauvagella,Sierrathrissa,Stolothrissa,Tenualosa","156_1",-1.71118275031775,2.9189286586831,3.90800996259261,2.04035673408469,4.88280192258637,88.753319,"Clupeidae,Dussumieriidae","Alosa,Amblygaster,Anodontostoma,Brevoortia,Clupanodon,Dorosoma,Dussumieria,Ethmalosa,Gilchristella,Harengula,Herklotsichthys,Hilsa,Konosirus,Limnothrissa,Microthrissa,Nematalosa,Odaxothrissa,Opisthonema,Pellonula,Platanichthys,Potamothrissa,Rhinosardinia,Sardina,Sardinella,Sardinops,Sauvagella,Sierrathrissa,Stolothrissa,Tenualosa","156_2",-1.44885084778615,2.9189286586831,3.90800996259261,2.04035673408469,4.88280192258637,88.753319,-1,0,0.262331902531597,0,0,0,0.027845742806939,0,0,0,0,0.027845742806939,9.4208979932913,3.26575941076705,1.68268837417369,1,1.58307103659336,-0.262331902531597,0.168038231357635,-0.027845742806939
"58",160,"Dussumieriidae","Etrumeus","160_1",-1.2469290191194,3.15873054846777,5.06331555192517,2.11229026544003,1.94591014905531,68.208142,"Clupeidae","Clupea,Hyperlophus,Sprattus","160_2",-2.01611375318332,2.96427525278784,4.53527299579783,3.76678272017414,2.56494935746154,68.208142,-1,0.619039208406224,-0.769184734063926,-0.194455295679924,-0.528042556127342,1.65449245473411,-0.0931349201440362,0.0749549031431368,-0.023545161042197,-0.0639367880297602,0.200330318357261,0.0931349201440362,8.25882207097356,2.82018770103906,2.01089499914473,1,0.809292701894334,0.769184734063926,0.0979912988728348,0.0931349201440362
"59",162,"Engraulidae","Coilia,Lycothrissa,Setipinna,Thryssa","162_1",-1.3278594290428,2.9957441065893,3.91202300542815,2.19171013017849,3.8286413964891,65.353482,"Engraulidae","Coilia,Lycothrissa,Setipinna,Thryssa","162_2",-1.33529330943108,2.9957441065893,3.91202300542815,2.19171013017849,3.8286413964891,65.353482,-1,0,-0.00743388038827297,0,0,0,-0.000919562396053156,0,0,0,0,0.000919562396053156,8.08415004808793,2.95073490762326,2.09679018001445,1,0.853944727608806,0.00743388038827297,0.105631973989743,0.000919562396053156
"60",164,"Notopteridae","Papyrocranus","164_1",-0.641655905771808,3.72270877835084,NA,NA,0.693147180559945,39.963329,"Notopteridae","Xenomystus","164_2",-0.641566627435137,3.40119738166216,NA,NA,0,39.963329,1,0.693147180559945,-8.92783366709393e-05,0.321511396688688,NA,NA,-1.41226195962619e-05,0.10964646430802,0.0508587337153558,NA,NA,1.41226195962619e-05,6.32165555847517,0.693147180559945,0,1,0.693147180559945,-8.92783366709393e-05,0.10964646430802,-1.41226195962619e-05
"61",166,"Osteoglossidae","Arapaima","166_1",0.668501454370389,6.10924758276437,NA,NA,1.38629436111989,52.871359,"Osteoglossidae","Heterotis","166_2",0.603144242400906,4.60517018598809,NA,NA,0,52.871359,1,1.38629436111989,0.0653572119694831,1.50407739677627,NA,NA,0.00898841841511984,0.190653692052913,0.20685210650145,NA,NA,0.00898841841511984,7.27126942149718,1.42310833424261,0.506817602368452,1,0.916290731874155,0.0653572119694831,0.126015235959375,0.00898841841511984
"62",167,"Nemichthyidae","Nemichthys","167_1",-1.5116852633424,4.91518954035774,7.98792030168872,0.763851317602118,1.09861228866811,56.170865,"Nemichthyidae","Avocettina","167_2",-1.50603781714517,4.38202663467388,8.42945427710823,2.6716021328543,1.38629436111989,56.170865,-1,0.287682072451781,0.0056474461972329,-0.533162905683863,0.441533975419507,1.90775081525219,0.000753523057715391,0.0383846197578616,-0.0711384454000065,0.0589126517763651,0.254545891623051,0.000753523057715391,7.49472247651639,1.67709656090792,1.28370777234479,1,0.393388788563126,-0.0056474461972329,0.0524887732395364,-0.000753523057715391
"63",168,"Elopidae","Elops","168_1",-1.85675889656657,4.66855151493816,3.20526849336145,1.87554906065759,1.94591014905531,130.966261,"Megalopidae","Megalops","168_2",-1.74874021046191,5.26604810597925,3.68887945411394,1.24131054228448,0.693147180559945,130.966261,1,1.25276296849537,-0.108018686104663,-0.597496591041088,-0.483610960752487,0.634238518373114,-0.00943885198911966,0.109468506454713,-0.052210243340452,-0.0422587280355895,0.0554208139036411,0.00943885198911966,11.4440491522887,1.94591014905531,0.693147180559945,1,1.25276296849537,-0.108018686104663,0.109468506454713,-0.00943885198911966
"64",169,"Lepisosteidae","Lepisosteus","169_1",-2.71203563239346,4.91727284942722,NA,NA,1.38629436111989,97.159897,"Lepisosteidae","Atractosteus","169_2",-3.00666178364672,5.28231429348592,NA,NA,1.09861228866811,97.159897,1,0.287682072451781,0.294626151253256,-0.3650414440587,NA,NA,0.0298901276443287,0.0291856436707728,-0.0370338318983965,NA,NA,0.0298901276443287,9.85697199955443,1.38629436111989,1.09861228866811,1,0.287682072451781,0.294626151253256,0.0291856436707728,0.0298901276443287
